unit_id,status,bedroom,bathroom,beds,capacity,property_id,avg_daily_rate_per_unit,wifi,tv,cable_tv,ac,workspace,pool,parking,gym,kitchen
UN0026,2,1,1,1,2,PR0017,362316.9329365079,1,0,0,1,1,1,1,0,1
UN0027,2,1,1,1,2,PR0017,419382.35294117645,1,0,0,1,1,1,1,0,1
UN0042,2,3,3,3,6,PR0352,1273125.0,1,0,0,1,1,1,1,0,0
UN0043,2,2,2,2,4,PR0352,606088.3333333334,1,0,0,1,1,1,1,0,0
UN0120,2,3,,,,PR0261,383292.49186813185,1,1,1,1,1,0,1,0,0
UN0121,2,1,,,,PR0261,369575.7857936508,1,1,0,1,1,0,1,0,0
UN0141,2,1,1,1,3,PR0168,721976.8424519988,1,1,1,1,1,1,1,0,0
UN0142,2,1,1,1,2,PR0168,533750.2541859885,1,1,1,1,1,1,1,0,0
UN0143,2,1,1,1,2,PR0168,594623.9346153056,1,1,1,1,1,1,1,0,0
UN0144,2,1,1,1,2,PR0168,871147.8432698622,1,1,1,1,1,1,1,0,0
UN0145,2,1,1,1,2,PR0168,523735.3616007008,1,1,1,1,1,1,1,0,0
UN0146,2,1,1,1,2,PR0168,609489.9982156463,1,1,1,1,1,1,1,0,0
UN0147,2,1,1,1,2,PR0168,638098.8414144724,1,1,1,1,1,1,1,0,0
UN0148,2,1,1,1,2,PR0168,773464.3397420634,1,1,0,1,1,1,1,0,0
UN0153,2,1,1,1,2,PR0170,757470.5986378738,1,0,0,1,1,1,1,0,0
UN0154,2,1,1,1,2,PR0170,633217.1179497882,1,0,0,1,1,1,1,0,0
UN0155,2,1,1,1,2,PR0170,685499.0283909782,1,0,0,1,1,1,1,0,0
UN0156,2,1,1,1,2,PR0170,581074.899745238,1,0,0,1,1,1,1,0,0
UN0157,2,1,1,1,2,PR0170,562623.9561728394,1,0,0,1,1,1,1,0,0
UN0158,2,1,1,1,3,PR0170,583366.4638718821,1,0,0,1,1,1,1,0,0
UN0159,2,1,1,1,2,PR0170,880298.8390070922,1,0,0,1,1,1,1,0,0
UN0160,2,1,1,1,2,PR0170,616731.7492063491,1,0,0,1,1,1,1,0,0
UN0161,2,1,1,1,2,PR0170,744415.4901242077,1,0,0,1,1,1,1,0,0
UN0162,2,1,1,1,2,PR0170,783276.2086572989,1,0,0,1,1,1,1,0,0
UN0165,1,1,2,1,2,PR0120,531783.8216788766,1,0,0,0,1,0,0,0,0
UN0173,2,1,1,1,2,PR0172,1390947.39417517,1,0,0,1,1,1,1,0,1
UN0174,2,1,1,1,2,PR0172,948105.7600899622,1,1,0,1,1,1,1,0,1
UN0175,2,1,1,1,2,PR0172,1117838.3172417535,1,0,0,1,1,1,1,0,1
UN0176,2,1,1,1,2,PR0172,927437.7759138655,1,0,0,1,1,1,1,0,1
UN0177,2,1,1,1,4,PR0172,474913.78621593287,1,1,0,1,1,1,1,0,1
UN0219,2,1,1,1,2,PR0126,380334.7308397909,1,0,0,1,1,1,1,0,0
UN0220,2,1,1,1,2,PR0126,360125.48228326044,1,0,0,1,1,1,1,0,0
UN0221,2,1,1,1,2,PR0126,421886.49522619037,1,0,0,1,1,1,1,0,0
UN0222,1,1,1,1,2,PR0126,612650.5188834153,1,1,1,1,1,1,1,0,0
UN0224,1,1,1,1,2,PR0126,396808.86214750085,1,0,0,1,1,1,1,0,0
UN0225,2,1,1,1,2,PR0126,359938.1543058889,1,0,0,1,1,1,1,0,0
UN0226,1,1,1,1,2,PR0126,421186.24993551587,1,0,0,1,1,1,1,0,0
UN0227,2,1,1,1,2,PR0126,418176.51537037035,1,0,0,1,1,1,1,0,0
UN0228,1,1,1,1,2,PR0126,369035.6673132664,1,0,0,1,1,1,1,0,0
UN0236,1,1,1,1,2,PR0229,683026.1353445485,1,1,1,1,1,1,1,0,0
UN0237,1,1,1,1,2,PR0229,718608.2099688419,1,1,1,1,1,1,1,0,0
UN0238,1,1,1,1,2,PR0229,720331.5854030864,1,1,1,1,1,1,1,0,0
UN0239,1,1,1,1,2,PR0229,520187.1240387864,1,1,1,1,1,1,1,0,0
UN0240,1,1,1,1,2,PR0229,426068.7482057917,1,1,1,1,1,1,1,0,0
UN0241,1,1,1,1,2,PR0229,522741.52083333314,1,1,0,1,1,1,1,0,0
UN0242,1,1,1,1,2,PR0229,646232.9642857143,1,1,0,1,1,1,1,0,0
UN0243,1,1,1,1,2,PR0229,474324.92215194023,1,1,1,1,1,1,1,0,0
UN0244,1,1,1,1,2,PR0229,670062.4282272005,1,1,0,1,1,1,1,0,0
UN0245,1,1,,,,PR0229,509078.0858589616,1,1,0,1,1,1,1,0,0
UN0248,1,1,1,1,2,PR0229,785819.385,1,1,0,1,0,1,1,0,0
UN0249,1,1,1,1,2,PR0229,785803.3512820512,1,1,0,1,1,1,1,0,0
UN0250,1,1,1,1,2,PR0229,776507.8066666666,1,1,1,1,1,1,1,0,0
UN0251,1,1,1,1,2,PR0229,733261.6047619047,1,1,1,1,1,1,1,0,0
UN0256,2,3,3,3,6,PR0276,1634201.942229849,1,1,0,1,1,1,1,0,1
UN0257,2,3,3,3,6,PR0276,1578394.7941666667,1,1,0,1,1,1,1,0,1
UN0258,2,4,5,4,8,PR0276,2157283.9286391535,1,1,0,1,1,1,1,0,1
UN0259,2,3,3,3,6,PR0276,1586470.8209203682,1,1,0,1,1,1,1,0,1
UN0260,1,3,3,3,6,PR0276,1562184.055476637,1,1,0,1,1,1,1,0,1
UN0263,2,1,1,1,2,PR0181,400940.1645776265,1,1,1,1,1,1,1,0,1
UN0264,2,1,1,1,2,PR0181,359863.60133000504,1,1,1,1,1,1,1,0,1
UN0265,2,1,1,1,2,PR0181,358926.2391938868,1,1,0,1,1,1,1,0,1
UN0266,2,1,1,1,2,PR0181,392972.45962962956,1,1,0,1,1,1,1,0,1
UN0267,2,1,1,1,2,PR0181,389159.21428571426,1,1,0,1,1,1,1,0,1
UN0331,2,3,3,3,8,PR0281,2154001.733057851,1,1,0,1,1,1,1,0,1
UN0332,2,3,3,3,8,PR0281,1798974.7777777778,1,1,0,1,1,1,1,0,1
UN0333,2,1,1,1,2,PR0234,394478.78687037027,1,1,1,1,1,1,1,0,0
UN0334,2,1,1,1,2,PR0234,588359.6087301588,1,1,1,1,1,1,1,0,0
UN0334,2,1,1,1,2,PR0234,588359.6087301588,1,1,1,1,1,1,1,0,0
UN0336,2,1,1,1,2,PR0234,414298.24404592795,1,1,1,1,1,1,1,0,0
UN0337,2,1,1,1,2,PR0234,515140.47673333326,1,1,1,1,1,1,1,0,0
UN0345,2,1,1,1,2,PR0234,760452.5142857142,1,0,0,1,1,1,1,0,0
UN0347,2,1,1,1,2,PR0160,2753363.843728445,1,1,0,1,1,1,1,0,1
UN0348,2,1,1,1,2,PR0160,901075.9139938982,1,1,0,1,1,1,1,0,1
UN0349,2,1,1,1,2,PR0160,1070117.8768653206,1,1,1,1,1,1,1,0,1
UN0350,2,1,1,1,2,PR0160,1687484.077675833,1,1,0,1,1,1,1,0,1
UN0351,2,1,1,1,2,PR0160,1633751.6952296705,1,1,0,1,1,1,1,0,1
UN0352,2,1,1,1,2,PR0160,1731015.8341582622,1,1,0,1,1,1,1,0,1
UN0353,2,1,1,1,3,PR0160,1291965.8446089646,1,1,0,1,1,1,1,0,1
UN0354,2,1,1,1,2,PR0160,881369.9801791707,1,1,0,1,1,1,1,0,0
UN0355,2,1,1,1,2,PR0135,794509.2301587301,1,0,0,1,1,1,1,0,0
UN0357,2,1,1,1,2,PR0135,635429.8684397163,1,0,0,1,1,1,1,0,0
UN0358,2,1,1,1,2,PR0135,758540.0,1,0,0,1,1,1,1,0,0
UN0359,2,1,1,1,2,PR0135,735468.25,1,0,0,1,1,1,1,0,0
UN0361,2,1,1,1,2,PR0135,739515.7666666666,1,0,0,1,1,1,1,0,0
UN0362,2,1,1,1,2,PR0135,804886.0,1,0,0,1,1,1,1,0,0
UN0363,2,1,1,1,4,PR0135,1273610.7916666667,1,0,0,1,1,1,1,0,0
UN0364,2,1,1,1,2,PR0135,635651.1691176471,1,0,0,1,1,1,1,0,0
UN0365,2,1,1,1,2,PR0135,795180.7027777778,1,0,0,1,1,1,1,0,0
UN0366,1,1,1,1,2,PR0282,966274.1245550162,1,0,0,1,1,1,0,0,0
UN0367,1,1,1,1,2,PR0282,734115.078782642,1,0,0,1,1,1,1,0,0
UN0368,1,1,1,1,2,PR0282,749252.8946867252,1,0,0,1,1,1,1,0,0
UN0370,2,1,1,1,2,PR0282,1084321.6624593316,1,0,0,1,1,1,1,0,0
UN0371,2,1,1,1,2,PR0282,697991.4350808504,1,0,0,1,1,1,0,0,0
UN0372,1,1,1,1,2,PR0282,742721.4653968253,1,0,0,1,1,1,1,0,0
UN0373,1,1,1,1,2,PR0282,728233.7293282875,1,0,0,1,1,1,1,0,0
UN0374,1,1,1,1,2,PR0282,706272.3912228066,1,0,0,1,1,1,1,0,0
UN0375,1,1,1,1,2,PR0282,736815.1330197967,1,0,0,1,1,1,1,0,0
UN0376,2,1,1,1,2,PR0282,679801.7589147286,1,0,0,1,1,1,1,0,0
UN0382,1,1,1,1,2,PR0188,524643.4637115818,1,1,1,1,1,1,1,0,0
UN0383,2,1,1,1,2,PR0188,538728.1768290882,1,1,0,1,1,1,1,0,0
UN0384,1,1,1,1,2,PR0188,505527.0501046552,1,1,1,1,1,1,1,0,0
UN0385,1,1,1,1,2,PR0188,553141.6801486908,1,1,0,1,1,1,1,0,0
UN0386,1,1,1,1,2,PR0188,616596.6243844754,1,1,0,1,1,1,1,0,0
UN0389,2,4,,,,PR0284,727500.0,1,0,0,1,1,1,1,0,1
UN0425,2,1,1,1,3,PR0286,1692619.35875,1,0,0,1,1,1,1,0,0
UN0426,2,1,1,1,3,PR0286,2182926.111111111,1,0,0,1,1,1,1,0,0
UN0434,2,1,1,1,3,PR0286,2049302.1876666667,1,0,0,1,1,1,1,0,0
UN0448,2,1,1,1,2,PR0286,1358290.4958550346,1,0,0,1,1,1,1,0,0
UN0451,2,1,1,1,2,PR0286,1388156.9603174601,1,0,0,1,1,1,1,0,0
UN0468,2,1,1,1,2,PR0140,750449.4771186532,1,1,0,1,1,1,1,0,1
UN0469,2,1,1,1,2,PR0140,779843.4247455888,1,1,0,1,1,1,1,0,1
UN0470,2,1,1,1,2,PR0140,720890.5116943893,1,1,0,1,1,1,1,0,1
UN0471,2,1,1,1,2,PR0140,649240.385795466,1,1,0,1,1,1,1,0,1
UN0472,2,1,1,1,2,PR0140,695056.7425392505,1,1,0,1,1,1,1,0,1
UN0473,2,1,1,1,2,PR0140,759921.4674983392,1,1,0,1,1,1,1,0,1
UN0474,2,1,1,1,2,PR0140,1042007.8518396693,1,1,0,1,1,1,1,0,1
UN0475,2,1,1,1,2,PR0140,1139997.0901290323,1,1,0,1,1,1,1,0,1
UN0476,2,1,1,1,2,PR0140,445105.88948437496,1,1,0,1,1,1,1,0,1
UN0477,2,1,1,1,2,PR0288,592991.519718254,1,1,0,1,1,1,1,0,0
UN0478,2,1,1,1,2,PR0288,636635.9878191174,1,1,0,1,1,1,1,0,1
UN0480,2,1,1,1,2,PR0288,690730.9542089094,1,1,0,1,1,1,1,0,1
UN0499,2,1,1,1,3,PR0238,1774678.4095029968,1,0,0,1,1,1,1,0,0
UN0504,2,1,1,1,2,PR0238,1779049.9594711359,1,0,0,1,1,1,1,0,0
UN0523,2,1,1,1,2,PR0238,2015610.4160060177,1,0,0,1,1,1,1,0,0
UN0524,2,1,1,1,2,PR0238,1904051.4936076947,1,0,0,1,1,1,1,0,0
UN0537,2,1,1,1,4,PR0238,1405571.3701026735,1,0,0,1,1,1,1,0,0
UN0540,2,1,1,1,4,PR0238,1405608.32153878,1,0,0,1,1,1,1,0,0
UN0550,2,1,1,1,4,PR0238,1442692.8443578128,1,0,0,1,1,1,1,0,0
UN0553,2,1,1,1,4,PR0238,1446797.237364547,1,0,0,1,1,1,1,0,0
UN0601,1,2,2,2,4,PR0241,1200719.477265833,1,1,0,1,1,1,1,0,1
UN0602,1,1,1,1,2,PR0241,930799.3641395154,1,1,0,1,1,1,1,0,1
UN0603,1,1,1,1,2,PR0241,742747.8927851962,1,1,0,1,1,1,1,0,1
UN0604,1,1,1,1,2,PR0241,804936.8377064712,1,1,0,1,1,1,1,0,1
UN0605,1,1,1,1,2,PR0241,851444.4740592238,1,1,0,1,1,1,1,0,1
UN0664,2,1,1,1,2,PR0293,1515573.834,1,1,0,1,1,0,1,0,1
UN0671,1,3,4,3,8,PR0242,4843822.475620832,1,1,1,1,1,1,1,0,1
UN0672,1,3,3,3,8,PR0196,5126228.254017686,1,1,1,1,1,1,1,0,1
UN0677,1,1,1,1,2,PR0294,538003.752633395,1,1,0,1,1,0,1,0,1
UN0678,1,1,1,1,3,PR0294,791168.6157407406,1,1,0,1,1,0,1,0,1
UN0679,1,1,1,1,3,PR0294,424153.2176075268,1,1,0,1,1,0,1,0,1
UN0679,1,1,1,1,3,PR0294,424153.2176075268,1,1,0,1,1,0,1,0,1
UN0680,1,1,1,1,2,PR0294,445175.0101161995,1,1,0,1,1,0,1,0,1
UN0688,2,1,1,1,2,PR0197,304656.6608662925,1,0,0,1,1,0,1,0,0
UN0689,2,1,1,1,2,PR0197,312215.5775498694,1,0,0,1,1,0,1,0,0
UN0690,2,1,1,1,2,PR0197,306599.8660377313,1,0,0,1,1,0,1,0,0
UN0691,2,1,1,1,2,PR0197,324526.53278138523,1,0,0,1,1,0,1,0,0
UN1359,2,1,,,,PR0070,412481.3414992559,1,0,0,1,1,0,1,0,1
UN1360,2,1,0,0,,PR0070,503616.57818930043,1,0,0,1,1,0,1,0,1
UN1361,2,1,0,0,,PR0070,280109.3933333333,1,0,0,1,1,0,1,0,1
UN1362,2,1,0,0,,PR0070,269536.51192722365,1,0,0,1,1,0,1,0,1
UN1363,2,1,0,0,,PR0070,283369.16478174593,1,0,0,1,1,0,1,0,1
UN1364,2,1,,,,PR0070,298193.33206845226,1,0,0,1,1,0,1,0,1
UN1380,2,1,1,1,2,PR0135,601836.5,1,0,0,1,1,1,1,0,0
UN1392,2,8,8,8,6,PR0065,1936508.7646258504,1,1,0,1,1,1,1,0,0
UN1417,2,3,2,3,7,PR0055,678626.2861359126,0,1,0,1,1,0,1,0,1
UN1420,2,1,1,1,2,PR0059,893889.6428571428,1,1,0,1,1,0,1,0,1
UN1421,2,1,1,1,2,PR0059,948983.3333333334,1,1,0,1,1,0,1,0,1
UN1423,2,1,1,1,2,PR0059,717136.6111111111,1,1,0,1,1,0,1,0,1
UN1471,2,3,2,3,6,PR0051,653498.4102564103,1,1,0,1,1,0,1,0,1
UN1518,2,1,1,1,2,PR0045,369839.8787372202,0,1,0,1,1,0,0,0,1
UN1520,2,1,1,1,2,PR0045,404060.36955636955,0,1,0,1,1,0,0,0,1
UN1522,2,2,1,2,3,PR0045,522285.6191681736,0,1,0,1,1,0,0,0,1
UN1536,1,1,2,1,2,PR0120,583472.9269824176,1,0,0,0,1,0,0,0,0
UN1537,1,1,3,1,2,PR0120,579154.5931915113,1,0,0,0,1,0,0,0,0
UN1538,1,1,1,1,2,PR0120,539240.9893612115,1,0,0,0,1,0,0,0,0
UN1539,1,1,1,1,2,PR0120,819171.6998574074,1,0,0,1,1,0,0,0,0
UN1540,1,1,1,1,2,PR0120,1021246.6284322129,1,0,0,1,1,0,0,0,0
UN1590,2,1,1,1,2,PR0170,601681.8283232322,1,0,0,1,1,1,1,0,0
UN1591,2,1,1,1,2,PR0170,971413.8224137931,1,0,0,1,1,1,1,0,0
UN1592,2,1,1,1,2,PR0170,1075658.7298611111,1,0,0,1,1,1,1,0,1
UN1672,2,2,,,,PR0308,402550.0,1,1,0,1,0,0,1,0,0
UN1673,2,3,,,,PR0308,485000.0,1,1,0,1,0,0,1,0,0
UN1722,1,1,1,1,2,PR0314,262368.2788888889,1,0,0,1,1,0,1,0,0
UN1724,1,1,1,1,2,PR0314,277222.98811881186,1,0,0,1,1,0,1,0,0
UN1729,1,1,1,1,2,PR0314,240248.24658634537,1,0,0,1,0,0,1,0,0
UN1730,1,1,1,1,2,PR0314,229274.6219548872,1,1,0,1,1,0,1,0,0
UN1732,2,5,3,5,5,PR0316,1339422.9069767443,1,1,0,1,1,0,1,0,1
UN1759,2,1,1,1,2,PR0326,365770.30555555556,1,1,0,1,1,1,1,0,0
UN1760,2,1,1,1,2,PR0326,324757.18537414965,1,1,0,1,1,1,1,0,0
UN1761,2,1,1,1,2,PR0326,362076.7149122807,1,1,0,1,1,1,1,0,0
UN1763,2,1,1,1,2,PR0327,285771.7,1,1,0,1,1,0,1,0,1
UN1765,2,1,1,1,2,PR0327,371122.0,1,1,0,1,1,0,1,0,1
UN1767,2,1,1,1,2,PR0328,231665.96825396817,1,0,0,1,0,1,1,0,1
UN1769,2,1,1,1,2,PR0328,291000.0,1,0,0,1,0,1,1,0,1
UN1770,2,1,1,1,2,PR0328,249428.57142857142,1,0,0,1,1,1,1,0,1
UN1772,2,1,1,1,2,PR0328,284937.5,1,0,0,1,0,1,1,0,1
UN1773,2,1,1,1,2,PR0328,315250.0,1,1,0,1,0,1,1,0,1
UN1774,2,1,1,1,2,PR0328,388000.0,1,0,0,1,0,1,1,0,0
UN1776,2,1,1,1,2,PR0328,370000.0,1,0,0,1,0,1,1,0,1
UN1800,2,4,,,,PR0335,453972.6388888888,1,1,0,1,1,1,1,0,0
UN1802,2,1,1,1,2,PR0336,792059.1538461539,1,1,0,1,1,1,1,0,0
UN1803,2,1,1,1,2,PR0336,0.0,1,1,0,1,1,1,1,0,0
UN1827,2,1,1,1,2,PR0340,636205.8823529412,1,1,0,1,1,0,1,0,0
UN1828,2,1,1,1,2,PR0340,973031.25,1,1,0,1,1,0,1,0,0
UN1836,2,1,1,1,2,PR0181,312256.87824074074,1,1,0,1,1,1,1,0,1
UN1861,2,1,1,1,2,PR0326,384756.5,1,1,0,1,1,1,1,0,0
UN1862,2,1,1,1,2,PR0345,248618.29761904763,1,0,0,1,1,0,1,0,0
UN1863,2,1,1,1,2,PR0345,241374.0,1,0,0,1,1,0,1,0,0
UN1864,1,1,1,1,2,PR0345,273856.375,1,0,0,1,1,0,1,0,0
UN1865,1,1,1,1,2,PR0345,353323.8042328042,1,0,0,1,1,0,1,0,0
UN1880,2,3,3,3,6,PR0343,823878.0952380951,1,1,0,1,1,0,1,0,1
UN1892,2,1,1,1,2,PR0352,395385.71428571426,1,0,0,1,1,1,1,0,0
UN1893,2,1,1,1,2,PR0352,369173.65,1,0,0,1,1,1,1,0,0
UN1894,2,1,1,1,2,PR0352,358534.03508771927,1,0,0,1,1,1,1,0,0
UN1895,2,1,1,1,2,PR0352,363084.28571428574,1,0,0,1,1,1,1,0,0
UN1896,2,2,2,2,0,PR0353,745369.6428571428,1,1,0,1,0,0,1,0,1
UN1919,2,1,1,1,2,PR0135,673422.5,1,0,0,1,1,1,1,0,0
UN1920,2,1,1,1,2,PR0135,708100.0,1,0,0,1,1,1,1,0,0
UN1924,2,4,4,4,8,PR0352,1842513.7844611527,1,0,0,1,1,1,1,0,0
UN1926,2,1,1,1,2,PR0361,344311.22222222225,1,1,0,1,1,0,1,0,0
UN1927,2,1,1,1,2,PR0361,314868.4210526316,1,0,0,1,1,0,1,0,0
UN1928,2,1,1,1,2,PR0361,286060.375,1,1,0,1,1,0,1,0,0
UN1944,1,1,1,1,4,PR0363,687339.8596491228,1,1,0,1,1,1,1,0,1
UN1945,1,1,1,1,2,PR0363,648747.6625,1,1,0,1,1,1,0,0,1
UN1946,1,1,1,1,2,PR0363,569898.9416666667,1,1,0,1,1,1,0,0,1
UN1947,1,1,1,1,2,PR0363,631399.5864512471,1,1,0,1,1,1,0,0,1
UN1948,1,1,1,1,2,PR0363,617625.9129852745,1,1,0,1,1,1,0,0,1
UN1949,1,1,1,1,4,PR0363,700434.2329354148,1,1,0,1,1,1,1,0,1
UN1970,1,1,1,1,2,PR0366,596398.3830666667,1,0,0,1,1,0,1,0,0
UN1974,1,1,1,1,2,PR0366,553119.8228070176,1,0,0,1,0,0,1,0,0
UN1975,1,1,1,1,2,PR0366,419015.78700680274,1,0,0,1,1,0,1,0,0
UN1976,1,1,1,1,2,PR0366,778142.0833333334,1,0,0,1,1,0,1,0,0
UN1977,1,1,1,1,2,PR0366,428792.46102150535,1,0,0,1,1,0,1,0,0
UN1999,1,3,3,3,4,PR0370,1668400.0,1,1,1,1,1,1,1,0,1
UN2000,2,1,1,1,2,PR0371,302230.44444444444,1,0,0,1,1,0,1,0,0
UN2001,1,1,1,1,2,PR0371,315574.9029126214,1,1,0,1,1,0,1,0,0
UN2002,2,1,1,1,2,PR0371,352334.537037037,1,1,0,1,1,0,1,0,0
UN2003,1,1,1,1,2,PR0371,331652.6126126126,1,1,0,1,1,0,1,0,0
UN2014,2,2,2,2,6,PR0327,989400.0,1,1,0,1,1,0,1,0,1
UN2021,2,1,1,1,2,PR0380,479762.0,1,1,0,1,1,1,1,0,0
UN2022,2,1,1,1,2,PR0380,416709.8444444444,1,1,0,1,1,1,1,0,0
UN2023,2,1,1,1,2,PR0380,533500.0,1,1,0,1,1,1,1,0,0
UN2024,2,1,1,1,2,PR0380,449433.3333333333,1,1,0,1,1,1,1,0,0
UN2025,2,1,1,1,2,PR0380,342365.9090909091,1,1,0,1,1,1,1,0,0
UN2027,2,1,1,1,2,PR0380,372305.4,1,1,0,1,1,1,1,0,0
UN2028,2,1,1,1,2,PR0380,309430.0,1,1,0,1,1,1,1,0,0
UN2029,2,1,1,1,2,PR0380,309430.0,1,1,0,1,1,1,1,0,0
UN2030,2,1,1,1,2,PR0380,311467.0,1,1,0,1,1,1,1,0,0
UN2032,2,1,1,1,2,PR0380,309430.0,1,1,0,1,1,1,1,0,0
UN2033,2,1,1,1,2,PR0380,379414.6779661017,1,1,0,1,1,1,1,0,0
UN2034,2,1,1,1,2,PR0380,398299.3214285714,1,1,0,1,1,1,1,0,0
UN2037,2,3,3,3,8,PR0281,1773414.3333333333,0,1,1,1,1,1,1,1,1
UN2044,2,1,1,1,2,PR0383,237650.0,1,1,0,1,1,0,1,0,0
UN2045,2,1,1,1,2,PR0383,341925.0,1,1,0,1,1,0,1,0,0
UN2046,2,1,1,1,2,PR0383,339500.0,1,1,0,1,1,0,1,0,0
UN2047,2,1,1,1,2,PR0383,299245.0,1,1,0,1,1,0,1,0,0
UN2050,2,2,2,2,4,PR0383,722650.0,1,1,0,1,1,0,1,0,0
UN2052,1,2,1,2,4,PR0383,435173.0735930736,1,1,0,1,1,0,1,0,0
UN2053,1,2,1,2,4,PR0383,551283.3333333334,1,1,0,1,1,0,1,0,0
UN2057,1,1,1,1,2,PR0385,508002.85714285716,1,0,0,1,1,0,1,0,0
UN2058,1,1,1,1,2,PR0385,633086.6666666666,1,0,0,1,1,0,1,0,0
UN2059,1,1,1,1,2,PR0385,790980.0,1,0,0,1,1,0,1,0,0
UN2060,1,1,1,1,2,PR0385,328693.2051282051,1,0,0,1,0,0,1,0,0
UN2061,1,1,1,1,2,PR0385,252754.2857142857,1,0,0,1,1,0,1,0,0
UN2062,1,1,1,1,2,PR0385,315250.0,1,0,0,1,1,0,1,0,0
UN2063,1,1,1,1,2,PR0385,243712.5,1,0,0,1,1,0,1,0,0
UN2064,1,1,1,1,2,PR0385,247165.2380952381,1,0,0,1,1,0,1,0,0
UN2065,2,1,1,1,3,PR0386,299797.3611111111,1,1,0,1,1,1,1,0,0
UN2066,2,1,1,1,3,PR0386,319057.7254901961,1,1,0,1,1,1,1,0,0
UN2067,2,1,1,1,3,PR0386,304458.75,1,1,0,1,1,1,1,0,0
UN2068,2,1,1,1,3,PR0386,313587.14285714284,1,1,0,1,1,1,1,0,0
UN2069,2,1,1,1,4,PR0386,327216.2727272727,1,1,0,1,1,1,1,0,0
UN2071,2,1,1,1,2,PR0390,329945.58333333326,1,1,0,1,1,1,1,0,0
UN2072,2,1,1,1,2,PR0390,375767.2222222222,1,1,0,1,1,1,1,0,0
UN2073,2,1,1,1,2,PR0390,472142.111111111,1,1,0,1,1,1,1,0,0
UN2074,2,1,1,1,2,PR0390,399577.72619047615,1,1,0,1,1,1,1,0,0
UN2075,2,1,1,1,2,PR0390,339500.0,1,0,0,1,1,1,1,0,0
UN2076,2,1,1,1,2,PR0390,362537.5,1,0,0,1,1,1,1,0,0
UN2078,2,1,1,1,2,PR0390,450888.3333333333,1,0,0,1,1,1,1,0,0
UN2079,2,1,1,1,2,PR0390,436853.6812865497,1,1,0,1,1,1,1,0,0
UN2086,2,1,1,1,2,PR0380,802093.0,1,1,0,1,0,1,1,0,0
UN2087,2,1,1,1,2,PR0380,347472.1875,1,1,0,1,0,1,1,0,0
UN2088,2,1,1,1,2,PR0380,291527.17391304346,1,1,0,1,0,1,1,0,0
UN2089,2,1,1,1,2,PR0380,259103.72413793104,1,1,0,1,0,1,1,0,0
UN2090,2,1,1,1,2,PR0380,273906.03773584904,1,1,0,1,0,1,1,0,0
UN2091,2,1,1,1,2,PR0380,274408.9583333333,1,1,0,1,0,1,1,0,0
UN2109,2,1,1,1,2,PR0326,354656.2,1,1,0,1,1,1,1,0,0
UN2153,1,1,1,1,2,PR0404,454358.4166666666,1,1,0,1,1,1,1,0,1
UN2160,1,1,1,1,2,PR0404,511383.6412309368,1,1,0,1,1,1,1,0,1
UN2162,2,1,1,1,2,PR0404,483383.3333333333,1,1,0,1,1,1,1,0,1
UN2192,1,1,1,1,2,PR0345,460608.43859649124,1,0,0,1,1,0,1,0,0
UN2193,1,1,1,1,2,PR0345,434574.2972972973,1,0,0,1,1,0,1,0,0
UN2194,1,1,1,1,2,PR0345,412388.7909090909,1,0,0,1,1,0,1,0,0
UN2195,1,1,1,1,2,PR0345,470431.2826086957,1,0,0,1,1,0,1,0,0
UN2196,1,5,5,5,0,PR0412,1846339.9003333333,1,1,0,1,1,1,1,0,1
UN2212,2,1,1,1,2,PR0197,375874.95454545453,1,0,0,1,1,0,1,0,0
UN2214,2,1,1,1,2,PR0197,358430.6451612903,1,0,0,1,1,0,1,0,0
UN2219,1,1,1,1,2,PR0419,470167.7659574468,1,0,0,1,0,0,0,0,0
UN2222,2,1,1,1,2,PR0352,387426.0869565217,1,0,0,1,1,1,1,0,0
UN2230,1,1,1,1,2,PR0419,535631.447368421,1,0,0,1,0,0,0,0,0
UN2232,1,1,1,1,2,PR0419,575995.25,1,0,0,1,0,0,0,0,0
UN2237,1,1,1,1,2,PR0419,407861.1111111111,1,0,0,1,0,0,0,0,0
UN2249,2,1,1,1,2,PR0361,309285.71428571426,1,1,0,1,1,0,1,0,0
UN2250,1,3,5,3,6,PR0424,1058311.7535714286,1,1,0,1,1,1,1,0,1
UN2253,2,1,1,1,2,PR0426,291714.28571428574,1,0,0,1,1,0,1,0,1
UN2254,2,1,1,1,2,PR0426,341312.5,1,0,0,1,1,0,1,0,1
UN2255,1,1,1,1,2,PR0427,419229.2528735632,1,1,0,1,0,0,1,0,0
UN2256,1,1,1,1,2,PR0427,464362.2448979592,1,1,0,1,0,0,1,0,0
UN2257,1,1,1,1,2,PR0427,393249.8461538461,1,1,0,1,0,0,1,0,0
UN2258,2,1,1,1,2,PR0361,289000.0,1,0,0,1,1,0,1,0,0
UN2259,2,1,1,1,2,PR0429,325600.60975609755,1,0,0,1,1,1,1,0,1
UN2260,1,1,1,1,2,PR0427,462459.0909090909,1,1,0,1,0,0,1,0,0
UN2261,2,1,1,1,2,PR0429,318483.3333333333,1,0,0,1,1,1,1,0,1
UN2264,2,2,1,2,4,PR0433,757520.8781609195,1,0,0,1,0,1,1,0,0
UN2265,2,1,1,1,2,PR0433,532917.2222978633,1,0,0,1,0,1,1,0,0
UN2267,2,1,1,1,2,PR0433,491477.9479716023,1,0,0,1,0,1,1,0,0
UN2268,2,4,3,4,7,PR0433,1698283.1666666667,1,0,0,1,0,1,1,0,0
UN2270,2,4,5,4,8,PR0437,5036875.517241379,1,1,1,1,1,1,1,0,1
UN2271,2,1,1,1,2,PR0429,307846.467032967,1,0,0,1,1,1,1,0,1
UN2272,2,1,1,1,2,PR0429,322178.5714285714,1,0,0,1,1,1,1,0,1
UN2273,2,1,1,1,2,PR0426,338200.0,1,0,0,1,1,0,1,0,1
UN2274,2,1,1,1,2,PR0426,350000.0,1,0,0,1,1,0,1,0,1
UN2278,2,1,1,1,2,PR0352,361650.0,1,0,0,1,1,1,1,0,0
UN2284,2,1,1,1,2,PR0429,360285.71428571426,1,0,0,1,1,1,1,0,1
UN2285,2,1,1,1,2,PR0429,339500.0,1,0,0,1,1,1,1,0,1
UN2287,1,1,1,1,2,PR0442,252640.9090909091,1,0,0,1,1,1,1,0,0
UN2288,1,1,1,1,2,PR0442,258631.52173913043,1,0,0,1,1,1,1,0,1
UN2292,1,1,1,1,2,PR0419,174518.0,1,0,0,1,0,0,0,0,0
UN2293,1,1,1,1,2,PR0442,275868.0,1,0,0,1,1,1,1,0,1
UN2294,2,1,1,1,2,PR0446,711220.8695652174,1,1,1,1,1,1,0,0,0
UN2295,2,1,1,1,2,PR0446,758077.0454545454,1,1,1,1,1,1,0,0,0
UN2296,1,1,1,1,2,PR0447,286117.7419354839,1,1,0,1,0,0,1,0,0
UN2298,1,1,1,1,2,PR0442,307436.111111111,1,0,0,1,1,1,1,0,1
UN2301,1,1,1,1,2,PR0442,294334.375,1,0,0,1,1,1,1,0,1
UN2306,1,1,1,1,2,PR0447,266493.5483870968,1,1,0,1,1,0,1,0,0
UN2307,1,1,1,1,2,PR0447,271141.0256410256,1,0,0,1,0,0,1,0,0
UN2308,1,1,1,1,2,PR0447,188666.66666666666,1,1,0,1,1,0,1,0,0
UN2314,2,1,1,1,2,PR0455,636221.7391304348,1,1,0,1,0,1,1,0,0
UN2316,2,1,1,1,2,PR0426,217095.2380952381,1,0,0,1,1,0,1,0,0
UN2317,2,1,1,1,2,PR0426,194000.0,1,0,0,1,1,0,1,0,1
UN2319,2,1,1,1,2,PR0442,320386.8613690476,1,0,0,1,1,1,1,0,1
UN2321,2,1,1,1,2,PR0446,1306650.625,1,1,1,1,1,1,0,0,0
UN2322,2,1,1,1,2,PR0446,1313622.5,1,1,0,1,1,1,0,0,0
UN2324,2,1,1,1,2,PR0455,812381.25,1,1,0,1,1,1,1,0,0
UN2325,2,1,1,1,2,PR0455,869061.3636363636,1,1,0,1,1,1,1,0,0
UN2326,2,1,1,1,2,PR0455,826400.0,1,1,0,1,1,1,1,0,0
UN2332,2,1,1,1,2,PR0455,734775.0,1,1,0,1,1,1,1,0,0
UN2333,2,1,1,1,2,PR0446,470450.0,1,1,1,1,1,1,1,0,0
UN2336,2,1,1,1,2,PR0465,356272.9166666666,1,1,0,1,0,1,1,0,1
UN2337,2,1,1,1,2,PR0465,392850.0,1,1,0,1,0,1,1,0,1
UN2355,1,3,5,3,6,PR0417,1222738.888888889,1,1,0,1,1,1,1,0,1
UN2358,1,1,1,1,2,PR0467,279944.0119047618,1,0,0,1,0,1,0,0,1
UN2359,1,1,1,1,2,PR0467,288506.9,1,0,0,1,0,1,1,0,1
UN2362,1,1,1,1,2,PR0467,286150.0,1,0,0,1,0,1,1,0,1
UN2363,1,1,1,1,2,PR0467,286150.0,1,0,0,1,0,1,1,0,1
UN2371,1,1,1,1,2,PR0314,523656.25,1,0,0,1,1,0,1,0,1
UN2377,1,1,1,1,2,PR0314,873000.0,1,0,0,1,1,0,1,0,1
UN2407,1,1,1,1,2,PR0494,191479.4120854157,1,0,0,1,1,0,1,0,1
UN2408,1,1,1,1,2,PR0494,202984.2768595041,1,0,0,1,1,0,1,0,0
,2,4,3,4,,PR0565,381429.41785714286,,,,,,,,,
UN0000,2,4,,,,PR0000,227748.4640076336,,,,,,,,,
UN0001,2,3,,,,PR0005,590316.8518518518,,,,,,,,,
UN0003,2,2,2,2,4,PR0388,901361.5907738095,1,1,0,1,1,1,1,0,1
UN0006,2,2,,,,PR0004,652363.833333333,,,,,,,,,
UN0007,2,3,,,,PR0003,1891500.0,,,,,,,,,
UN0011,2,4,,,,PR0002,1424283.3333333333,,,,,,,,,
UN0014,2,4,,,,PR0006,431650.0,,,,,,,,,
UN0016,2,1,,,,PR0071,1140720.0,,,,,,,,,
UN0024,2,4,,,,PR0015,877850.0,,,,,,,,,
UN0028,2,1,0,0,,PR0017,982933.3333333334,,,,,,,,,
UN0029,2,1,0,0,,PR0017,982933.3333333334,,,,,,,,,
UN0033,2,2,,,,PR0026,957913.275,,,,,,,,,
UN0034,2,3,,,,PR0025,1800000.0,,,,,,,,,
UN0035,2,2,,,,PR0024,1739320.4405757575,,,,,,,,,
UN0036,2,2,0,0,,PR0024,1611125.91927451,,,,,,,,,
UN0038,2,3,,,,PR0028,1543467.11,,,,,,,,,
UN0039,2,1,,,,PR0036,873000.0,,,,,,,,,
UN0040,2,2,,,,PR0036,1455000.0,,,,,,,,,
UN0041,2,3,,,,PR0036,1940000.0,,,,,,,,,
UN0044,2,4,,,,PR0039,656549.6071428572,,,,,,,,,
UN0045,2,4,,,,PR0039,436500.0,,,,,,,,,
UN0050,2,2,,,,PR0037,340906.85714285716,,,,,,,,,
UN0051,2,4,,,,PR0037,441860.5263157895,,,,,,,,,
UN0052,2,2,,,,PR0037,502532.75,,,,,,,,,
UN0053,2,3,,,,PR0037,392180.238095238,,,,,,,,,
UN0055,2,4,,,,PR0037,402550.0,,,,,,,,,
UN0056,2,2,,,,PR0037,482495.03055555554,,,,,,,,,
UN0057,2,4,,,,PR0037,418253.71551724133,,,,,,,,,
UN0058,2,2,,,,PR0037,679000.0,,,,,,,,,
UN0059,2,3,,,,PR0037,488647.2,,,,,,,,,
UN0062,2,2,,,,PR0037,1047710.406504065,,,,,,,,,
UN0066,2,4,,,,PR0110,349200.0,,,,,,,,,
UN0067,2,2,,,,PR0110,291000.0,,,,,,,,,
UN0073,2,4,,,,PR0257,862835.432,,,,,,,,,
UN0076,2,1,,,,PR0212,1032287.5,,,,,,,,,
UN0090,2,1,,,,PR0212,921843.4,,,,,,,,,
UN0100,2,2,,,,PR0259,198850.0,,,,,,,,,
UN0103,2,3,,,,PR0214,310620.30952380935,,,,,,,,,
UN0104,2,3,,,,PR0214,300700.0,,,,,,,,,
UN0111,2,3,,,,PR0114,259282.15185185178,,,,,,,,,
UN0114,2,3,,,,PR0114,527494.1915079365,,,,,,,,,
UN0115,2,4,,,,PR0114,248456.83333333334,,,,,,,,,
UN0116,2,2,,,,PR0114,292986.583333333,,,,,,,,,
UN0117,2,2,,,,PR0114,306941.5413919413,,,,,,,,,
UN0119,2,2,,,,PR0114,491796.0,,,,,,,,,
UN0122,2,4,,,,PR0216,670198.04,,,,,,,,,
UN0123,2,3,,,,PR0166,1739210.0,,,,,,,,,
UN0126,2,2,,,,PR0116,502058.13333333324,,,,,,,,,
UN0127,2,1,,,,PR0116,405126.86854166666,,,,,,,,,
UN0128,2,3,,,,PR0116,637657.1438095237,,,,,,,,,
UN0129,2,3,,,,PR0116,250000.0,,,,,,,,,
UN0131,2,1,,,,PR0116,955641.07,,,,,,,,,
UN0133,2,1,,,,PR0116,712460.4244444445,,,,,,,,,
UN0137,2,3,,,,PR0263,407400.0,,,,,,,,,
UN0140,2,1,0,0,,PR0168,817224.8262238642,,,,,,,,,
UN0151,2,1,,,,PR0306,962452.0256666666,,,,,,,,,
UN0166,2,1,,,,PR0267,8677478.233215308,,,,,,,,,
UN0168,2,1,,,,PR0222,690349.0,,,,,,,,,
UN0180,2,4,,,,PR0122,985625.4185714286,,,,,,,,,
UN0182,2,2,,,,PR0269,878521.2084615384,,,,,,,,,
UN0183,2,3,,,,PR0269,692599.3564172839,,,,,,,,,
UN0185,2,3,,,,PR0269,324544.5,,,,,,,,,
UN0191,2,2,,,,PR0269,300897.3047619045,,,,,,,,,
UN0192,2,4,,,,PR0269,341694.46296296286,,,,,,,,,
UN0194,2,4,,,,PR0269,394891.7215309492,,,,,,,,,
UN0195,2,4,,,,PR0269,427168.9545335942,,,,,,,,,
UN0197,2,3,,,,PR0315,832437.3333333334,,,,,,,,,
UN0211,2,2,,,,PR0174,816982.5,,,,,,,,,
UN0212,2,2,,,,PR0124,4414522.596666667,,,,,,,,,
UN0223,2,1,0,0,,PR0126,1783440.0,,,,,,,,,
UN0231,2,4,,,,PR0273,872935.8,,,,,,,,,
UN0233,2,4,,,,PR0178,753892.8333333331,,,,,,,,,
UN0234,2,3,,,,PR0128,1420080.0,,,,,,,,,
UN0261,2,4,,,,PR0230,321887.82051282044,,,,,,,,,
UN0268,2,4,,,,PR0130,2300990.011,,,,,,,,,
UN0269,2,4,,,,PR0277,290186.9166666666,,,,,,,,,
UN0270,2,3,,,,PR0277,517388.75,,,,,,,,,
UN0272,2,4,,,,PR0231,1891500.0,,,,,,,,,
UN0275,2,1,,,,PR0131,417371.7756410256,,,,,,,,,
UN0281,2,3,,,,PR0131,379255.38999999996,,,,,,,,,
UN0282,2,3,,,,PR0131,384896.0,,,,,,,,,
UN0283,2,4,,,,PR0131,389249.5,,,,,,,,,
UN0286,2,4,,,,PR0278,679000.0,,,,,,,,,
UN0287,2,2,,,,PR0232,277744.0381333333,,,,,,,,,
UN0288,2,4,,,,PR0232,336664.26,,,,,,,,,
UN0291,2,1,,,,PR0232,338962.375,,,,,,,,,
UN0304,2,4,,,,PR0133,2009111.0355555555,,,,,,,,,
UN0307,2,3,,,,PR0133,8639332.0,,,,,,,,,
UN0308,2,3,,,,PR0133,2010189.6425,,,,,,,,,
UN0311,2,2,,,,PR0233,339500.0,,,,,,,,,
UN0319,2,3,,,,PR0185,4846712.185,,,,,,,,,
UN0320,2,2,,,,PR0011,1297166.333333333,,,,,,,,,
UN0321,2,2,,,,PR0011,339500.0,,,,,,,,,
UN0323,2,1,,,,PR0011,339500.0,,,,,,,,,
UN0329,2,1,,,,PR0013,543751.8333333334,,,,,,,,,
UN0346,2,2,,,,PR0186,379646.395,,,,,,,,,
UN0356,2,1,0,0,,PR0135,1212500.0,,,,,,,,,
UN0369,1,1,0,0,,PR0282,750941.5515711193,,,,,,,,,
UN0377,2,1,0,0,,PR0282,773164.3832614942,,,,,,,,,
UN0388,2,3,,,,PR0137,386746.25,,,,,,,,,
UN0391,2,1,,,,PR0236,474302.664983165,,,,,,,,,
UN0392,2,2,,,,PR0236,387972.537037037,,,,,,,,,
UN0393,2,3,,,,PR0236,313839.0,,,,,,,,,
UN0394,2,1,,,,PR0236,457189.5287356322,,,,,,,,,
UN0395,2,1,,,,PR0236,273142.9866666667,,,,,,,,,
UN0396,2,4,,,,PR0236,201855.92,,,,,,,,,
UN0403,2,4,,,,PR0236,0.0,,,,,,,,,
UN0407,2,4,,,,PR0189,635510.1994890355,,,,,,,,,
UN0408,2,4,,,,PR0189,443056.5952380952,,,,,,,,,
UN0409,2,3,,,,PR0189,460499.0729166666,,,,,,,,,
UN0410,2,2,,,,PR0189,485000.0,,,,,,,,,
UN0411,2,3,,,,PR0189,450265.96124175814,,,,,,,,,
UN0412,2,1,,,,PR0189,776000.0,,,,,,,,,
UN0413,2,4,,,,PR0189,403411.5217994987,,,,,,,,,
UN0414,2,1,,,,PR0189,446870.76190476184,,,,,,,,,
UN0415,2,2,,,,PR0189,419720.68571428565,,,,,,,,,
UN0416,2,3,,,,PR0189,435996.19846109167,,,,,,,,,
UN0418,2,1,,,,PR0138,2733070.7025,,,,,,,,,
UN0419,2,3,,,,PR0138,1717144.6221083333,,,,,,,,,
UN0421,2,1,,,,PR0138,1548185.789526713,,,,,,,,,
UN0423,2,4,,,,PR0138,1473065.7802224471,,,,,,,,,
UN0424,2,3,,,,PR0138,1487469.4532656642,,,,,,,,,
UN0428,2,1,,,,PR0286,2420099.1132291667,,,,,,,,,
UN0430,2,1,,,,PR0286,1638614.8652281745,,,,,,,,,
UN0432,2,1,,,,PR0286,1373919.24,,,,,,,,,
UN0436,2,1,0,0,,PR0286,1378163.8205555554,,,,,,,,,
UN0439,2,1,0,0,,PR0286,1408446.4346944443,,,,,,,,,
UN0441,2,1,,,,PR0286,1139130.0014285713,,,,,,,,,
UN0444,2,1,0,0,,PR0238,3495346.6677058823,,,,,,,,,
UN0445,2,1,0,0,,PR0286,1486306.8904,,,,,,,,,
UN0446,2,1,,,,PR0286,3638774.666666666,,,,,,,,,
UN0447,2,1,0,0,,PR0286,1465272.796010101,,,,,,,,,
UN0450,2,1,,,,PR0286,1547942.7698611112,,,,,,,,,
UN0453,2,1,0,0,,PR0286,1591951.9849804163,,,,,,,,,
UN0456,2,1,,,,PR0286,1441814.511904762,,,,,,,,,
UN0459,2,1,0,0,,PR0286,1673490.6755492424,,,,,,,,,
UN0463,2,3,,,,PR0031,1118257.1258333332,,,,,,,,,
UN0464,2,4,,,,PR0031,1147575.3269444443,,,,,,,,,
UN0465,2,3,,,,PR0031,2088356.5,,,,,,,,,
UN0466,2,4,,,,PR0031,912160.465,,,,,,,,,
UN0479,2,1,0,0,,PR0288,585948.0971818182,,,,,,,,,
UN0481,2,1,0,0,,PR0288,582926.312222222,,,,,,,,,
UN0487,2,2,,,,PR0239,324474.7,,,,,,,,,
UN0492,2,3,,,,PR0191,404095.0,,,,,,,,,
UN0502,2,1,0,0,,PR0238,1566129.4553313975,,,,,,,,,
UN0507,2,1,0,0,,PR0238,1576740.6843849206,,,,,,,,,
UN0510,2,1,0,0,,PR0238,1730173.6552911445,,,,,,,,,
UN0513,2,1,0,0,,PR0238,1991080.2229780965,,,,,,,,,
UN0516,2,1,,,,PR0238,2188286.8420210727,,,,,,,,,
UN0519,2,1,0,0,,PR0238,2363023.537037037,,,,,,,,,
UN0526,2,1,0,0,,PR0238,2357817.961593168,,,,,,,,,
UN0528,2,1,0,0,,PR0238,2683630.5148037076,,,,,,,,,
UN0531,2,1,0,0,,PR0238,1349236.746900907,,,,,,,,,
UN0534,2,1,0,0,,PR0238,1453699.386823469,,,,,,,,,
UN0546,2,1,0,0,,PR0238,1675998.1957777776,,,,,,,,,
UN0549,2,1,0,0,,PR0238,1726182.9085772356,,,,,,,,,
UN0556,2,1,0,0,,PR0238,1747186.3322619048,,,,,,,,,
UN0559,2,1,0,0,,PR0238,1837441.9989333334,,,,,,,,,
UN0562,2,1,0,0,,PR0238,1317765.259047619,,,,,,,,,
UN0565,2,1,0,0,,PR0238,1532886.362646317,,,,,,,,,
UN0568,2,1,,,,PR0238,1306849.4433847328,,,,,,,,,
UN0571,2,1,,,,PR0141,160050.0,,,,,,,,,
UN0572,2,3,,,,PR0141,162960.0,,,,,,,,,
UN0573,2,1,,,,PR0141,291000.0,,,,,,,,,
UN0574,2,2,,,,PR0141,135800.0,,,,,,,,,
UN0582,2,4,,,,PR0240,1020540.4010416666,,,,,,,,,
UN0584,2,2,,,,PR0240,1408130.7083333333,,,,,,,,,
UN0585,2,4,,,,PR0240,1142102.2143796545,,,,,,,,,
UN0586,2,3,,,,PR0240,2203238.9523809524,,,,,,,,,
UN0592,2,2,,,,PR0192,0.0,,,,,,,,,
UN0597,2,1,,,,PR0290,232800.0,,,,,,,,,
UN0598,2,2,,,,PR0290,250583.33333333334,,,,,,,,,
UN0606,2,2,,,,PR0193,258396.13066269836,,,,,,,,,
UN0607,2,3,,,,PR0193,274316.92673727236,,,,,,,,,
UN0608,2,1,,,,PR0193,277431.95797101443,,,,,,,,,
UN0614,2,2,,,,PR0193,1244270.5909090908,,,,,,,,,
UN0615,2,1,,,,PR0193,228920.0,,,,,,,,,
UN0616,2,2,,,,PR0193,161660.48335416662,,,,,,,,,
UN0617,2,1,,,,PR0193,162053.7726666666,,,,,,,,,
UN0618,2,2,,,,PR0193,140007.9640306122,,,,,,,,,
UN0619,2,2,,,,PR0193,176093.6,,,,,,,,,
UN0624,2,3,,,,PR0193,379109.2023809523,,,,,,,,,
UN0626,2,1,,,,PR0193,257244.95,,,,,,,,,
UN0627,2,2,,,,PR0193,396885.39625850326,,,,,,,,,
UN0628,2,4,,,,PR0193,310400.0,,,,,,,,,
UN0629,2,1,,,,PR0193,383027.4968253966,,,,,,,,,
UN0630,2,3,,,,PR0193,403636.5,,,,,,,,,
UN0631,2,3,,,,PR0193,461045.5,,,,,,,,,
UN0632,2,1,,,,PR0193,397145.0499999998,,,,,,,,,
UN0633,2,2,,,,PR0193,328937.8833333332,,,,,,,,,
UN0637,2,2,,,,PR0143,121864.32,,,,,,,,,
UN0638,2,4,,,,PR0292,1333168.97,,,,,,,,,
UN0651,2,3,,,,PR0144,850712.8,,,,,,,,,
UN0657,2,4,,,,PR0144,916492.0357142857,,,,,,,,,
UN0658,2,1,,,,PR0144,433438.72,,,,,,,,,
UN0666,2,1,0,0,,PR0293,1515573.834,,,,,,,,,
UN0668,2,1,0,0,,PR0293,1516681.1705882354,,,,,,,,,
UN0669,2,1,,,,PR0293,1631818.5272727273,,,,,,,,,
UN0673,2,3,,,,PR0145,375390.0,,,,,,,,,
UN0683,2,3,,,,PR0243,525036.9444444444,,,,,,,,,
UN0684,2,1,,,,PR0243,394047.49166666664,,,,,,,,,
UN0685,2,1,,,,PR0243,502945.0,,,,,,,,,
UN0686,2,2,,,,PR0243,505156.3333333333,,,,,,,,,
UN0687,2,2,,,,PR0243,980977.219047619,,,,,,,,,
UN0692,2,2,,,,PR0146,445587.0,,,,,,,,,
UN0703,2,1,,,,PR0295,533500.0,,,,,,,,,
UN0710,2,1,1,1,2,PR0198,657091.6180127333,1,0,0,1,1,1,1,0,1
UN0711,2,1,1,1,2,PR0198,548651.1221360103,1,0,0,1,1,1,1,0,1
UN0712,2,1,1,1,2,PR0198,372779.9081242492,1,0,0,1,1,1,1,0,1
UN0713,2,1,1,1,2,PR0198,358249.4096784168,1,0,0,1,1,1,1,0,1
UN0717,2,1,1,1,2,PR0198,530609.375,1,0,0,1,1,1,1,0,1
UN0718,2,1,1,1,2,PR0198,357734.01564471243,1,0,0,1,1,1,1,0,1
UN0719,2,1,1,1,2,PR0198,309793.75,1,0,0,1,1,1,1,0,1
UN0720,2,1,1,1,2,PR0198,293653.77358490566,1,0,0,1,1,1,1,0,1
UN0721,2,1,1,1,2,PR0198,322280.4268777614,1,0,0,1,1,1,1,0,1
UN0723,2,1,1,1,2,PR0198,479880.8028205128,1,0,0,1,1,1,1,0,1
UN0723,2,1,1,1,2,PR0198,479880.8028205128,1,0,0,1,1,1,1,0,1
UN0724,2,1,1,1,2,PR0198,497096.13675675675,1,0,0,1,1,1,1,0,1
UN0725,2,1,1,1,2,PR0198,520919.6840094062,1,0,0,1,1,1,1,0,1
UN0726,2,1,0,0,,PR0198,461372.88735632185,,,,,,,,,
UN0727,2,3,,,,PR0147,3399626.473,,,,,,,,,
UN0730,2,2,,,,PR0296,2776589.14,,,,,,,,,
UN0731,2,1,1,1,2,PR0245,290370.3439535886,1,1,1,1,1,1,1,0,0
UN0731,2,1,1,1,2,PR0245,290370.3439535886,1,1,1,1,1,1,1,0,0
UN0732,2,1,1,1,2,PR0245,645184.502075702,,,,,,,,,
UN0733,1,1,1,2,2,PR0245,306315.2138577863,1,0,0,1,1,1,1,0,0
UN0734,2,1,1,1,2,PR0245,311653.8206575481,1,1,0,1,1,1,1,0,0
UN0735,1,1,1,1,2,PR0245,342993.7039023092,1,1,1,1,1,1,1,0,0
UN0736,1,1,1,1,2,PR0245,297633.64249633043,1,1,0,1,1,1,1,0,0
UN0737,2,1,1,1,2,PR0245,477190.3887901527,1,1,1,1,1,1,1,0,0
UN0738,1,1,1,1,2,PR0245,441702.4069861922,1,1,1,1,1,1,1,0,0
UN0738,1,1,1,1,2,PR0245,441702.4069861922,1,1,1,1,1,1,1,0,0
UN0739,1,1,1,1,2,PR0245,304224.6238095238,1,1,0,1,1,1,1,0,0
UN0740,2,1,1,1,2,PR0245,309776.71257031464,1,1,1,1,1,1,1,0,0
UN0741,2,1,1,1,2,PR0245,328233.4830218068,1,1,0,1,1,1,1,0,0
UN0742,2,1,1,1,2,PR0245,252575.4505264516,1,1,0,1,1,1,1,0,0
UN0743,2,1,1,1,2,PR0245,298910.3098591549,1,1,0,1,1,1,1,0,0
UN0744,2,1,1,1,2,PR0245,280012.55268199235,1,1,0,1,1,1,1,0,0
UN0745,1,1,1,1,2,PR0245,292669.8181818182,1,1,0,1,1,1,1,0,0
UN0746,2,1,1,1,2,PR0245,278509.2916373346,1,1,0,1,1,1,1,0,0
UN0747,2,1,1,1,2,PR0245,301273.8571050642,1,1,0,1,1,1,1,0,0
UN0748,2,1,0,0,,PR0245,316590.5305280528,,,,,,,,,
UN0749,2,1,1,1,2,PR0245,275192.42307692306,1,1,0,1,1,1,1,0,0
UN0750,1,1,0,0,,PR0245,265697.3506493506,,,,,,,,,
UN0751,1,1,1,1,2,PR0245,282841.46475213673,1,1,0,1,1,1,1,0,0
UN0754,2,2,,,,PR0199,278066.9342857143,,,,,,,,,
UN0755,2,1,,,,PR0199,262204.5,,,,,,,,,
UN0759,2,2,,,,PR0148,218723.17592592578,,,,,,,,,
UN0760,2,3,,,,PR0148,259782.29166666666,,,,,,,,,
UN0761,2,2,,,,PR0148,207683.5,,,,,,,,,
UN0762,2,2,,,,PR0148,196328.0,,,,,,,,,
UN0763,2,4,,,,PR0148,199963.66666666666,,,,,,,,,
UN0766,2,3,,,,PR0297,513338.75462962955,,,,,,,,,
UN0767,2,3,,,,PR0297,379488.6073717945,,,,,,,,,
UN0770,2,4,,,,PR0297,643110.0,,,,,,,,,
UN0771,2,4,,,,PR0297,996681.75,,,,,,,,,
UN0774,2,2,,,,PR0297,568154.0705627705,,,,,,,,,
UN0778,2,1,1,1,,PR0389,1607882.1784313726,,,,,,,,,
UN0779,2,1,1,1,2,PR0389,726747.3655823882,,,,,,,,,
UN0780,2,1,0,0,,PR0389,1537181.1962962963,,,,,,,,,
UN0781,2,1,0,0,,PR0389,1607882.1784313726,,,,,,,,,
UN0782,2,1,1,1,2,PR0389,412866.64535353525,1,1,1,1,1,1,1,1,1
UN0783,2,1,0,0,,PR0389,459720.66610849457,,,,,,,,,
UN0785,2,1,0,0,,PR0389,407465.907418125,1,1,1,1,1,1,1,1,1
UN0788,2,1,1,1,3,PR0200,547713.3462365591,1,1,1,1,1,1,1,0,0
UN0789,2,1,1,1,3,PR0200,549974.1211590789,1,1,1,1,1,1,1,0,0
UN0790,2,1,1,1,2,PR0200,642505.7735377526,1,1,0,1,1,1,1,0,1
UN0791,2,1,1,1,3,PR0200,560651.6678571427,1,1,0,1,1,1,1,0,0
UN0792,2,1,1,1,3,PR0200,531572.2137863174,1,1,1,1,1,1,1,0,0
UN0793,2,1,5,1,2,PR0200,800494.1071428572,1,1,0,1,0,1,1,0,0
UN0794,2,1,1,1,3,PR0200,527005.4987464986,1,1,0,1,1,1,1,0,0
UN0795,2,1,1,1,3,PR0200,544412.2465949348,1,1,1,1,1,1,1,0,0
UN0798,2,4,,,,PR0255,761599.7688479853,,,,,,,,,
UN0799,2,3,,,,PR0255,851924.3295238094,,,,,,,,,
UN0800,2,1,,,,PR0149,820882.6666666666,,,,,,,,,
UN0801,2,3,,,,PR0149,707416.75,,,,,,,,,
UN0802,2,1,,,,PR0149,740253.0151515151,,,,,,,,,
UN0803,2,3,,,,PR0149,433013.5,,,,,,,,,
UN0812,2,3,,,,PR0298,916650.0,,,,,,,,,
UN0815,2,4,,,,PR0247,2269800.0,,,,,,,,,
UN0817,2,2,,,,PR0150,131920.0,,,,,,,,,
UN0821,2,3,,,,PR0299,808010.0,,,,,,,,,
UN0826,2,2,,,,PR0299,1438410.2182539683,,,,,,,,,
UN0827,2,4,,,,PR0248,3628290.5721088434,,,,,,,,,
UN0828,2,1,,,,PR0202,526612.4716666667,,,,,,,,,
UN0829,2,1,,,,PR0151,831775.0,,,,,,,,,
UN0880,2,1,,,,PR0249,679000.0,,,,,,,,,
UN0881,2,3,,,,PR0249,299199.0416666667,,,,,,,,,
UN0882,2,2,,,,PR0249,339500.0,,,,,,,,,
UN0883,2,4,,,,PR0249,319765.0,,,,,,,,,
UN0885,2,4,,,,PR0249,307999.285714285,,,,,,,,,
UN0886,2,3,,,,PR0249,339500.0,,,,,,,,,
UN0896,2,1,,,,PR0203,536889.87,,,,,,,,,
UN0899,2,4,,,,PR0301,905333.3333333334,,,,,,,,,
UN0901,2,3,,,,PR0301,818152.3333333334,,,,,,,,,
UN0902,2,2,,,,PR0301,1115015.0,,,,,,,,,
UN0904,2,1,,,,PR0301,1273144.0,,,,,,,,,
UN0907,2,2,,,,PR0301,1405421.25,,,,,,,,,
UN0909,2,4,,,,PR0301,1179520.0,,,,,,,,,
UN0911,2,3,,,,PR0250,725437.111111111,,,,,,,,,
UN0915,2,4,,,,PR0155,1851487.5,,,,,,,,,
UN0916,2,3,,,,PR0155,2637410.1428571427,,,,,,,,,
UN0917,2,2,,,,PR0155,2522000.0,,,,,,,,,
UN0918,2,3,,,,PR0155,5577500.0,,,,,,,,,
UN0930,2,1,,,,PR0205,880367.6160119048,,,,,,,,,
UN0937,2,4,,,,PR0252,725145.1988095237,,,,,,,,,
UN0939,2,3,,,,PR0157,336498.29765873007,,,,,,,,,
UN0946,2,4,,,,PR0304,423051.0625,,,,,,,,,
UN0948,2,3,,,,PR0304,365566.43263888883,,,,,,,,,
UN0949,2,3,,,,PR0304,449666.7777777777,,,,,,,,,
UN0950,2,4,,,,PR0304,417240.5,,,,,,,,,
UN0951,2,1,,,,PR0253,542957.5,,,,,,,,,
UN0967,2,1,,,,PR0207,1492400.6754545455,,,,,,,,,
UN0968,2,1,1,1,2,PR0207,842831.119117647,,,,,,,,,
UN0969,2,1,1,1,2,PR0207,656492.2866666666,1,0,0,1,0,1,1,0,0
UN0970,2,1,1,1,2,PR0207,664704.8005319148,1,0,0,1,1,1,1,0,0
UN0971,2,1,1,1,2,PR0207,583471.073899371,1,0,0,1,1,1,1,0,0
UN0973,2,1,1,1,2,PR0207,402724.25,1,1,0,1,0,1,1,0,0
UN0977,2,2,,,,PR0208,665117.5,,,,,,,,,
UN0978,2,4,,,,PR0208,698083.0,,,,,,,,,
UN0981,2,1,,,,PR0208,538438.0,,,,,,,,,
UN0986,2,1,1,1,2,PR0159,859971.3931377849,1,0,0,1,1,1,1,0,0
UN0987,2,2,1,2,4,PR0159,1026698.0297014904,1,0,0,1,1,1,1,0,0
UN0988,2,1,1,1,2,PR0159,1133587.8496771972,1,0,0,1,1,1,1,0,0
UN0989,2,1,1,1,2,PR0159,1279992.479090909,1,0,0,1,1,1,1,0,0
UN0990,2,1,1,1,2,PR0159,878937.8879047619,1,0,0,1,1,1,1,0,0
UN0991,2,1,1,1,2,PR0159,1232316.7523715277,1,0,0,1,1,1,1,0,0
UN0993,2,1,1,1,2,PR0159,1314888.888888889,1,0,0,1,0,1,1,0,0
UN1000,1,1,1,1,2,PR0254,750244.9223328793,1,0,0,1,1,1,1,0,0
UN1001,1,1,1,1,2,PR0254,884563.2933333333,1,1,0,1,1,1,1,0,0
UN1002,1,1,1,1,2,PR0254,807324.9515053763,1,1,0,1,1,1,1,0,0
UN1003,1,1,1,1,2,PR0254,877398.3896713614,1,0,0,1,0,1,1,0,0
UN1004,1,1,1,1,2,PR0254,1073173.2833333332,1,1,0,1,1,1,1,0,0
UN1005,2,1,1,1,2,PR0254,782811.4393115941,1,1,0,1,1,1,1,0,0
UN1006,2,1,1,1,2,PR0254,724447.1538720538,1,1,0,1,1,1,1,0,0
UN1007,1,1,1,1,2,PR0254,450777.4588095237,1,1,0,1,1,1,1,0,0
UN1008,1,1,1,1,2,PR0254,396134.2659292035,1,1,0,1,1,1,1,0,0
UN1010,1,1,1,1,2,PR0254,431157.50711678824,1,1,0,1,1,1,1,0,0
UN1011,2,1,1,2,2,PR0254,435802.48245614034,1,1,0,1,1,1,1,0,0
UN1012,2,1,,,,PR0254,454939.02698412695,,,,,,,,,
UN1014,1,1,1,1,2,PR0254,712036.1885732323,1,1,0,1,1,1,1,0,0
UN1015,1,1,1,1,2,PR0254,713360.5023809524,1,1,0,1,1,1,1,0,0
UN1016,1,1,1,1,2,PR0254,624941.7405128204,1,1,0,1,1,1,1,0,0
UN1017,1,1,1,1,2,PR0254,1130855.2333333334,1,1,0,1,1,1,1,0,0
UN1019,2,1,,,,PR0209,857473.4675,,,,,,,,,
UN1020,2,4,,,,PR0209,918579.8499634517,,,,,,,,,
UN1021,2,4,,,,PR0209,743305.5128205128,,,,,,,,,
UN1023,2,2,,,,PR0078,702118.333333333,,,,,,,,,
UN1026,2,2,,,,PR0078,468462.75,,,,,,,,,
UN1029,2,1,1,1,2,PR0220,569429.7466063862,1,0,0,1,1,1,1,0,0
UN1030,2,1,1,1,2,PR0220,571611.8488965137,1,0,0,1,1,0,1,0,0
UN1031,2,1,1,1,2,PR0220,570182.8832548452,1,0,0,1,1,1,1,0,0
UN1032,2,1,1,1,2,PR0220,584954.3999732838,1,0,0,1,1,1,1,0,0
UN1033,2,4,,,,PR0109,270306.6666666667,,,,,,,,,
UN1035,2,2,,,,PR0256,2425000.0,,,,,,,,,
UN1042,2,2,,,,PR0211,243941.77433333333,,,,,,,,,
UN1043,2,1,,,,PR0161,463821.6666666667,,,,,,,,,
UN1044,2,4,,,,PR0161,575897.7191763191,,,,,,,,,
UN1045,2,1,,,,PR0161,763875.0,,,,,,,,,
UN1048,2,3,,,,PR0161,531736.3636363636,,,,,,,,,
UN1049,2,4,,,,PR0161,380749.2777777777,,,,,,,,,
UN1050,2,3,,,,PR0161,602729.4194444444,,,,,,,,,
UN1051,2,4,,,,PR0161,579647.5,,,,,,,,,
UN1053,2,3,,,,PR0111,2198424.8935714285,,,,,,,,,
UN1054,2,3,,,,PR0258,1294174.0,,,,,,,,,
UN1055,2,4,,,,PR0258,1294465.0,,,,,,,,,
UN1057,2,3,,,,PR0258,970630.5,,,,,,,,,
UN1058,2,1,1,1,2,PR0213,1292881.875,1,1,1,1,1,1,1,0,0
UN1059,2,1,1,1,2,PR0213,507900.07176391676,1,1,1,1,1,1,1,0,0
UN1060,2,1,1,1,2,PR0213,433881.0534359851,1,1,0,1,1,1,1,0,0
UN1061,2,1,1,1,2,PR0213,413468.6878759768,1,1,1,1,1,1,1,0,0
UN1061,2,1,1,1,2,PR0213,413468.6878759768,1,1,1,1,1,1,1,0,0
UN1062,2,1,1,1,2,PR0213,753629.665079365,1,1,0,1,1,1,1,0,0
UN1063,2,1,1,1,2,PR0213,3153645.625,1,1,1,1,1,1,1,0,0
UN1064,2,1,1,1,2,PR0213,367838.5392156862,1,1,1,1,1,1,1,0,0
UN1065,2,1,1,1,2,PR0213,375287.2607655502,1,1,1,1,1,1,1,0,0
UN1066,2,1,1,1,2,PR0213,347872.963030303,1,1,1,1,1,1,1,0,0
UN1067,2,2,,,,PR0213,1038269.669117647,,,,,,,,,
UN1082,2,1,,,,PR0163,776000.0,,,,,,,,,
UN1093,2,2,,,,PR0260,1477329.4527777778,,,,,,,,,
UN1095,2,4,,,,PR0215,270390.666666666,,,,,,,,,
UN1097,2,3,,,,PR0215,995898.1224621212,,,,,,,,,
UN1098,2,3,,,,PR0215,1404322.5089492754,,,,,,,,,
UN1104,2,2,,,,PR0215,2131257.5946491226,1,1,1,1,1,1,1,0,0
UN1106,2,3,,,,PR0215,1399710.0,,,,,,,,,
UN1107,2,4,,,,PR0215,1406160.5,1,1,1,1,1,1,1,0,0
UN1108,2,3,,,,PR0215,1126098.91875,,,,,,,,,
UN1110,2,3,,,,PR0215,8004973.1,,,,,,,,,
UN1115,2,4,,,,PR0215,1105881.822214694,,,,,,,,,
UN1116,2,4,,,,PR0215,1548407.8672038096,,,,,,,,,
UN1118,2,2,,,,PR0165,232687.20891690007,,,,,,,,,
UN1119,2,3,,,,PR0165,501892.37179487164,,,,,,,,,
UN1120,2,1,,,,PR0165,262251.9344988345,,,,,,,,,
UN1121,2,2,,,,PR0165,832047.0,,,,,,,,,
UN1122,2,2,,,,PR0165,248596.90989010985,,,,,,,,,
UN1124,2,1,,,,PR0165,261604.54111111106,,,,,,,,,
UN1126,2,2,,,,PR0165,1499900.0,,,,,,,,,
UN1127,2,1,,,,PR0165,203700.0,,,,,,,,,
UN1128,2,2,,,,PR0165,0.0,,,,,,,,,
UN1129,2,4,,,,PR0165,352524.125,,,,,,,,,
UN1132,2,1,1,1,2,PR0115,312743.9356853552,1,1,1,1,1,0,1,0,1
UN1133,2,1,1,1,2,PR0115,279865.8656008308,1,1,1,1,1,1,1,0,1
UN1135,1,1,1,1,2,PR0115,279986.0049986845,1,0,0,1,1,0,1,0,1
UN1136,1,1,1,1,2,PR0115,252490.82731173863,1,0,0,1,0,1,1,0,1
UN1137,2,1,1,1,2,PR0115,383965.55077280063,1,0,0,1,1,1,1,0,1
UN1138,2,1,1,1,2,PR0115,258373.1731965174,1,0,0,1,1,1,1,0,1
UN1139,2,1,1,1,2,PR0115,270660.7139365431,1,0,0,1,1,1,1,0,1
UN1143,2,3,,,,PR0217,356030.48700324673,,,,,,,,,
UN1144,2,4,,,,PR0217,435007.67171462585,,,,,,,,,
UN1145,2,4,,,,PR0217,379438.1242698294,,,,,,,,,
UN1146,2,4,,,,PR0217,418143.4208700129,,,,,,,,,
UN1151,2,1,,,,PR0217,377483.785,,,,,,,,,
UN1152,2,2,,,,PR0217,457521.35358974355,,,,,,,,,
UN1154,2,3,,,,PR0217,523502.2615591879,,,,,,,,,
UN1157,2,2,2,2,5,PR0264,1586352.6976149068,1,1,1,1,1,1,1,0,1
UN1158,2,2,0,0,,PR0264,1583976.3464996503,,,,,,,,,
UN1159,2,4,4,4,9,PR0264,2765731.3,1,1,1,1,1,1,1,0,1
UN1160,2,3,3,3,6,PR0264,2224124.496694444,1,1,1,1,1,1,1,0,1
UN1161,2,3,3,3,6,PR0264,2795633.12,1,1,0,1,1,1,1,0,1
UN1162,2,1,1,1,2,PR0219,1056684.388888889,1,1,0,1,1,1,1,0,0
UN1163,2,1,1,1,2,PR0219,991139.6304347826,1,1,0,1,1,1,1,0,1
UN1164,2,1,1,1,2,PR0219,913201.7853174602,1,1,0,1,1,1,1,0,1
UN1165,2,1,1,1,2,PR0219,936092.3246117083,1,1,0,1,1,1,1,0,1
UN1166,2,4,,,,PR0169,1632994.3630988095,,,,,,,,,
UN1169,1,1,1,1,3,PR0112,544769.8824282249,1,1,0,1,1,1,1,0,1
UN1170,1,1,1,1,2,PR0112,498446.5718734141,1,1,0,1,1,1,1,0,1
UN1172,1,1,1,1,3,PR0112,450551.2840908708,1,1,0,1,1,1,1,0,1
UN1173,1,1,0,1,2,PR0112,408281.71707012237,1,1,0,1,1,1,1,0,1
UN1174,2,3,0,0,,PR0266,1778581.3125620608,,,,,,,,,
UN1176,2,1,,,,PR0221,2790479.913088681,,,,,,,,,
UN1177,2,2,,,,PR0171,1104777.8357888528,,,,,,,,,
UN1179,2,1,,,,PR0268,877013.8499011633,,,,,,,,,
UN1180,2,4,,,,PR0268,913368.3395262168,,,,,,,,,
UN1182,2,3,,,,PR0223,3304747.564222222,,,,,,,,,
UN1183,2,3,3,3,6,PR0173,2270582.6691008657,1,0,0,1,1,1,1,0,1
UN1187,2,3,,,,PR0123,6884828.978,,,,,,,,,
UN1188,2,2,,,,PR0123,2022045.0133333334,,,,,,,,,
UN1189,2,3,,,,PR0123,996796.3111538462,,,,,,,,,
UN1195,2,3,,,,PR0270,2518704.0268820254,1,1,1,1,1,1,1,0,1
UN1196,2,4,,,,PR0640,1499769.2307692308,,,,,,,,,
UN1197,2,4,,,,PR0640,450357.14285714284,,,,,,,,,
UN1198,2,1,,,,PR0640,509250.0,,,,,,,,,
UN1202,2,3,,,,PR0175,2634157.1611607145,,,,,,,,,
UN1203,2,3,,,,PR0125,1759284.9331441869,,,,,,,,,
UN1205,2,4,,,,PR0125,2056903.0797907086,,,,,,,,,
UN1206,2,3,,,,PR0272,3839921.2788178604,,,,,,,,,
UN1209,2,2,,,,PR0227,133364.13333333333,,,,,,,,,
UN1214,2,2,,,,PR0076,575935.5915350877,,,,,,,,,
UN1215,2,2,,,,PR0076,1129128.5863174603,,,,,,,,,
UN1216,2,1,,,,PR0076,1731331.386515664,,,,,,,,,
UN1217,2,4,,,,PR0179,752298.5315333334,,,,,,,,,
UN1218,2,2,1,2,4,PR0101,1211926.8953221394,1,0,0,1,1,1,1,0,0
UN1219,2,2,1,2,4,PR0101,1139586.5703420977,1,0,0,1,1,1,1,0,1
UN1221,2,4,,,,PR0275,2162873.681190158,,,,,,,,,
UN1224,2,2,,,,PR0313,412127.0,,,,,,,,,
UN1228,1,4,,,,PR0104,1401921.3443650752,,,,,,,,,
UN1230,1,2,2,2,4,PR0092,809852.7770405822,1,1,1,1,1,1,1,0,1
UN1231,2,1,,,,PR0083,2878547.509,,,,,,,,,
UN1232,2,1,,,,PR0182,1958361.828125,,,,,,,,,
UN1233,2,1,,,,PR0133,1037107.5409608842,,,,,,,,,
UN1236,2,4,,,,PR0133,1135734.7384417988,,,,,,,,,
UN1239,2,1,,,,PR0105,2111857.689128827,,,,,,,,,
UN1240,2,4,,,,PR0080,111802.0,,,,,,,,,
UN1242,2,1,,,,PR0080,571087.5,,,,,,,,,
UN1245,2,4,,,,PR0080,300700.0,,,,,,,,,
UN1246,2,4,,,,PR0080,463191.2666666666,,,,,,,,,
UN1249,2,3,,,,PR0080,45105.0,,,,,,,,,
UN1251,2,2,,,,PR0080,300700.0,,,,,,,,,
UN1252,2,3,3,3,6,PR0107,1989870.4109277793,1,1,1,1,1,1,1,0,1
UN1253,2,3,3,3,6,PR0107,1785936.8034812685,1,1,1,1,1,1,1,0,1
UN1254,2,3,3,3,6,PR0098,1275245.414243777,1,1,1,1,1,1,1,0,1
UN1255,2,2,,,,PR0132,1318959.42,,,,,,,,,
UN1256,2,4,,,,PR0091,1354320.1411764706,,,,,,,,,
UN1258,2,3,,,,PR0077,1882509.75,,,,,,,,,
UN1259,2,4,,,,PR0077,1811478.8787878787,,,,,,,,,
UN1260,2,2,,,,PR0077,2063771.2987421383,,,,,,,,,
UN1261,2,2,2,2,6,PR0089,1345098.354293178,1,0,0,1,1,1,1,0,1
UN1262,2,1,1,1,3,PR0089,1107766.5682983682,1,0,0,1,1,1,1,0,1
UN1263,2,1,1,1,3,PR0089,917907.2796853146,1,0,0,1,1,1,1,0,1
UN1264,2,1,,,,PR0097,3723295.86903557,1,1,0,1,1,1,1,0,1
UN1267,2,3,,,,PR0099,1837418.6819879306,,,,,,,,,
UN1270,2,3,,,,PR0102,2255085.8721444444,,,,,,,,,
UN1275,2,3,,,,PR0106,2152420.9498294103,,,,,,,,,
UN1277,2,4,,,,PR0082,1602458.300747345,,,,,,,,,
UN1279,2,4,,,,PR0094,5290310.280138889,,,,,,,,,
UN1280,2,2,2,2,4,PR0090,1453470.3670307775,1,1,0,1,1,1,1,0,1
UN1281,2,3,3,3,6,PR0090,1731909.9098276417,1,1,0,1,1,1,1,0,1
UN1284,2,1,,,,PR0187,1699249.2775,,,,,,,,,
UN1285,2,3,,,,PR0187,2252038.32,,,,,,,,,
UN1287,2,3,,,,PR0187,6031244.1481513055,,,,,,,,,
UN1290,2,3,,,,PR0095,1018500.0,,,,,,,,,
UN1291,2,4,,,,PR0095,388000.0,,,,,,,,,
UN1293,1,4,2,4,8,PR0088,3512337.13443307,1,0,0,1,1,0,0,0,1
UN1295,1,1,1,1,2,PR0088,1204733.5274910335,1,1,0,1,1,0,0,0,0
UN1296,2,1,1,1,2,PR0088,1249453.3256767693,1,0,0,1,0,0,0,0,0
UN1298,2,2,,,,PR0096,806787.0908460984,,,,,,,,,
UN1300,2,3,,,,PR0285,1524025.1,,,,,,,,,
UN1301,2,3,,,,PR0237,2860960.095,,,,,,,,,
UN1303,2,2,,,,PR0106,2026703.4070108251,,,,,,,,,
UN1305,2,1,,,,PR0287,1810847.821,,,,,,,,,
UN1306,2,2,,,,PR0084,373401.6666666667,,,,,,,,,
UN1313,2,4,,,,PR0071,2568047.0416666665,,,,,,,,,
UN1315,2,4,,,,PR0071,269480.458333333,,,,,,,,,
UN1321,2,4,,,,PR0100,443588.03888888867,,,,,,,,,
UN1322,2,4,,,,PR0100,661688.867732426,,,,,,,,,
UN1323,2,3,,,,PR0100,801088.2704771563,,,,,,,,,
UN1324,2,3,,,,PR0100,438958.83749999985,,,,,,,,,
UN1326,2,3,,,,PR0100,435342.435185185,,,,,,,,,
UN1327,2,2,,,,PR0100,486723.33375,,,,,,,,,
UN1328,2,3,,,,PR0100,513863.9027777777,,,,,,,,,
UN1329,2,1,,,,PR0100,480491.47857142857,,,,,,,,,
UN1333,2,3,,,,PR0086,629211.111111111,,,,,,,,,
UN1334,2,2,,,,PR0086,572300.0,,,,,,,,,
UN1336,2,1,1,1,3,PR0081,1958018.1280666667,1,0,0,1,1,1,1,0,0
UN1337,2,1,1,1,3,PR0081,1785157.0338614425,1,0,0,1,1,1,1,0,0
UN1345,2,4,,,,PR0075,3549206.8,,,,,,,,,
UN1347,2,4,,,,PR0129,145500.0,,,,,,,,,
UN1348,2,3,,,,PR0129,1173700.0,,,,,,,,,
UN1349,2,2,,,,PR0074,364662.0223214286,,,,,,,,,
UN1350,2,3,,,,PR0073,204936.25,,,,,,,,,
UN1352,2,4,,,,PR0073,210052.5,,,,,,,,,
UN1354,2,3,,,,PR0072,891654.0763909046,,,,,,,,,
UN1355,2,3,3,3,6,PR0072,920395.0319548871,1,1,0,1,0,1,1,0,1
UN1356,2,2,,,,PR0078,473443.625,,,,,,,,,
UN1358,2,3,,,,PR0201,231805.75,,,,,,,,,
UN1372,2,2,,,,PR0066,339674.0357142855,,,,,,,,,
UN1375,2,4,,,,PR0210,1267467.2933333332,,,,,,,,,
UN1377,2,3,,,,PR0210,695166.666666666,,,,,,,,,
UN1378,2,1,,,,PR0210,678030.0,,,,,,,,,
UN1381,2,1,0,0,,PR0135,1212500.0,,,,,,,,,
UN1382,2,1,0,0,,PR0135,1212500.0,,,,,,,,,
UN1383,2,4,,,,PR0085,211117.5,,,,,,,,,
UN1384,2,2,,,,PR0085,201313.25,,,,,,,,,
UN1391,2,2,,,,PR0063,1942543.2,,,,,,,,,
UN1394,2,3,,,,PR0060,603589.1428571428,,,,,,,,,
UN1395,1,1,1,1,2,PR0057,526396.8636419374,1,0,0,1,1,1,1,0,0
UN1396,1,1,1,1,2,PR0057,642897.5071572871,1,0,0,1,1,1,1,0,0
UN1397,1,1,1,1,2,PR0057,654040.4971298109,1,0,0,1,0,1,1,0,0
UN1398,1,1,1,1,2,PR0057,697565.037037037,1,0,0,1,1,1,1,0,0
UN1399,1,1,1,1,2,PR0057,565005.1457741576,1,0,0,1,1,1,1,0,0
UN1400,1,1,1,1,2,PR0057,619892.2356227105,1,0,0,1,1,1,1,0,0
UN1401,1,1,1,1,2,PR0057,768395.0288836845,1,0,0,1,1,1,1,0,0
UN1404,2,1,,,,PR0069,256565.0,,,,,,,,,
UN1405,2,1,,,,PR0069,0.0,,,,,,,,,
UN1412,2,3,,,,PR0069,126585.0,,,,,,,,,
UN1416,2,4,,,,PR0064,1080337.5,,,,,,,,,
UN1418,2,1,0,0,,PR0059,1411350.0,,,,,,,,,
UN1419,2,1,0,0,,PR0059,1411350.0,,,,,,,,,
UN1422,2,4,,,,PR0059,3273750.0,,,,,,,,,
UN1425,2,4,,,,PR0058,403762.5,,,,,,,,,
UN1426,2,2,,,,PR0058,334388.04242424236,,,,,,,,,
UN1431,2,3,,,,PR0058,0.0,,,,,,,,,
UN1436,2,2,,,,PR0068,822560.0,,,,,,,,,
UN1437,2,2,,,,PR0097,1715616.78,,,,,,,,,
UN1440,2,3,,,,PR0065,388000.0,,,,,,,,,
UN1441,2,3,,,,PR0065,582000.0,,,,,,,,,
UN1450,2,1,,,,PR0056,373376.333333333,,,,,,,,,
UN1456,2,1,,,,PR0384,392112.1666666665,,,,,,,,,
UN1457,2,3,,,,PR0384,295910.7333333332,,,,,,,,,
UN1458,2,3,,,,PR0384,382665.0,,,,,,,,,
UN1459,2,3,,,,PR0384,782316.0625,,,,,,,,,
UN1460,2,1,,,,PR0384,583766.1052631579,,,,,,,,,
UN1461,2,1,,,,PR0061,2732166.6666666665,,,,,,,,,
UN1462,2,3,,,,PR0061,1299395.8333333333,,,,,,,,,
UN1463,2,4,,,,PR0054,1103375.0,,,,,,,,,
UN1464,2,1,,,,PR0054,145500.0,,,,,,,,,
UN1466,2,2,,,,PR0050,1624819.2857142857,,,,,,,,,
UN1477,2,1,1,1,2,PR0052,1323679.8864645832,1,1,0,1,1,1,1,0,1
UN1478,2,1,1,1,2,PR0052,1878525.7090418069,1,1,0,1,1,1,1,0,1
UN1479,2,1,1,1,2,PR0052,1181096.8484359996,1,1,0,1,1,1,1,0,1
UN1480,2,1,1,1,2,PR0052,1635889.922243196,1,1,0,1,1,1,1,0,1
UN1481,2,1,1,1,2,PR0052,1378823.1409597225,1,1,0,1,1,1,1,0,1
UN1482,2,1,1,1,2,PR0052,1170817.5288781666,1,1,0,1,1,1,1,0,1
UN1483,2,1,1,1,2,PR0052,1747912.9129724002,1,1,0,1,1,1,1,0,1
UN1484,2,1,1,1,2,PR0052,2946256.5411805124,1,0,0,1,1,1,1,0,0
UN1485,2,1,,,,PR0052,3368303.5573031907,,,,,,,,,
UN1496,2,1,,,,PR0049,0.0,,,,,,,,,
UN1497,2,4,,,,PR0049,772120.0,,,,,,,,,
UN1498,2,2,,,,PR0015,282200.125,,,,,,,,,
UN1511,2,3,,,,PR0047,194000.0,,,,,,,,,
UN1515,2,2,,,,PR0046,1348838.25,,,,,,,,,
UN1519,2,1,0,0,,PR0045,380000.3142857143,,,,,,,,,
UN1545,2,1,,,,PR0043,2278748.617142857,,,,,,,,,
UN1547,2,2,,,,PR0043,1480782.96,,,,,,,,,
UN1549,2,3,,,,PR0043,629400.1083333333,,,,,,,,,
UN1555,2,2,,,,PR0042,1161963.176068376,,,,,,,,,
UN1561,2,4,,,,PR0038,1545538.25,,,,,,,,,
UN1562,2,4,,,,PR0041,347583.3333333333,,,,,,,,,
UN1563,2,3,,,,PR0036,963071.4285714285,,,,,,,,,
UN1564,2,2,,,,PR0036,517010.0,,,,,,,,,
UN1566,2,3,,,,PR0036,370418.75,,,,,,,,,
UN1567,2,4,,,,PR0036,374743.3333333333,,,,,,,,,
UN1570,2,1,,,,PR0035,904871.4285714285,,,,,,,,,
UN1571,2,3,,,,PR0035,1128433.3333333333,,,,,,,,,
UN1576,2,4,,,,PR0035,698400.0,,,,,,,,,
UN1580,2,3,,,,PR0034,524874.1948051947,,,,,,,,,
UN1581,2,4,,,,PR0034,483957.4346666666,,,,,,,,,
UN1583,2,4,,,,PR0034,339500.0,,,,,,,,,
UN1584,2,3,,,,PR0034,1273597.0,,,,,,,,,
UN1588,2,1,,,,PR0032,824500.0,,,,,,,,,
UN1594,2,4,,,,PR0030,1308505.333333333,,,,,,,,,
UN1595,2,2,,,,PR0023,145500.0,,,,,,,,,
UN1597,2,3,,,,PR0029,284392.37499999977,,,,,,,,,
UN1598,2,2,,,,PR0305,1888103.1666666665,,,,,,,,,
UN1599,2,2,,,,PR0019,699321.02,,,,,,,,,
UN1600,2,3,,,,PR0018,280006.75,,,,,,,,,
UN1604,2,2,,,,PR0018,1391303.3333333333,,,,,,,,,
UN1609,2,1,1,1,2,PR0021,599554.8760416667,1,0,0,1,0,1,1,0,0
UN1610,2,1,1,1,2,PR0021,1099929.3033333332,1,0,0,1,1,1,1,0,0
UN1611,2,1,1,1,2,PR0021,639512.6027909605,1,0,0,1,0,1,1,0,0
UN1612,2,1,1,1,2,PR0021,538364.931,1,0,0,1,0,1,1,0,0
UN1613,2,1,1,1,2,PR0021,627356.3468054029,1,0,0,1,0,1,1,0,0
UN1614,2,1,1,1,2,PR0021,567749.8433024691,1,0,0,1,1,1,1,0,0
UN1615,2,1,1,1,4,PR0021,779868.3451041667,1,0,0,1,0,1,1,0,0
UN1619,2,1,1,1,3,PR0021,814113.2749887005,1,0,0,1,0,1,1,0,0
UN1622,2,1,0,0,,PR0021,639673.4582835052,,,,,,,,,
UN1623,2,1,1,1,2,PR0021,426371.0960185185,1,1,0,1,1,1,1,0,0
UN1628,2,4,,,,PR0020,1478220.564102564,,,,,,,,,
UN1629,2,1,,,,PR0210,848750.0,,,,,,,,,
UN1631,2,4,,,,PR0210,848750.0,,,,,,,,,
UN1632,2,2,,,,PR0177,3235991.389939951,1,1,0,1,1,1,1,1,1
UN1635,2,2,,,,PR0012,747790.838709677,,,,,,,,,
UN1636,2,1,1,1,2,PR0009,507270.3113425926,1,0,0,1,1,1,1,0,0
UN1637,2,1,1,1,2,PR0009,617552.2352941176,1,0,0,1,1,1,1,0,0
UN1638,2,1,,,,PR0009,665411.7052545155,,,,,,,,,
UN1639,2,1,1,1,2,PR0009,503839.6983333333,1,0,0,1,1,1,1,0,0
UN1640,2,1,1,1,2,PR0009,508376.0499338624,1,0,0,1,0,1,1,0,0
UN1641,2,3,,,,PR0026,0.0,,,,,,,,,
UN1642,2,3,,,,PR0026,705453.583333333,,,,,,,,,
UN1647,2,1,,,,PR0008,232099.99026491574,,,,,,,,,
UN1648,2,1,,,,PR0008,321365.47803617566,,,,,,,,,
UN1649,2,3,,,,PR0008,327498.93270248256,,,,,,,,,
UN1650,2,4,,,,PR0008,308539.63169642846,,,,,,,,,
UN1651,2,3,,,,PR0008,366340.97807017545,,,,,,,,,
UN1652,2,4,,,,PR0007,284674.625,,,,,,,,,
UN1653,2,2,,,,PR0007,430718.6527777777,,,,,,,,,
UN1654,2,4,,,,PR0007,346775.0,,,,,,,,,
UN1669,2,3,,,,PR0001,1363969.0493333333,,,,,,,,,
UN1676,2,2,,,,PR0309,440380.0,,,,,,,,,
UN1678,2,4,,,,PR0309,440380.0,,,,,,,,,
UN1679,2,2,,,,PR0309,511888.0,,,,,,,,,
UN1681,2,4,,,,PR0310,387030.0,,,,,,,,,
UN1682,2,4,,,,PR0310,460265.0,,,,,,,,,
UN1683,2,2,,,,PR0310,387030.0,,,,,,,,,
UN1685,2,4,,,,PR0310,435691.6666666667,,,,,,,,,
UN1688,2,1,,,,PR0310,387030.0,,,,,,,,,
UN1690,2,1,0,0,,PR0311,414659.56968810916,,,,,,,,,
UN1691,2,1,1,1,2,PR0311,503628.5341666667,1,1,0,1,1,0,1,0,0
UN1692,2,1,1,1,2,PR0311,578584.0714285715,1,1,0,1,1,0,1,0,0
UN1693,2,1,,,,PR0311,353810.6212121212,,,,,,,,,
UN1711,2,3,,,,PR0191,2.0,,,,,,,,,
UN1718,2,1,,,,PR0042,1224509.9486111111,,,,,,,,,
UN1719,2,1,,,,PR0074,239250.25,,,,,,,,,
UN1723,2,1,,,,PR0020,543333.3333333334,,,,,,,,,
UN1733,2,3,,,,PR0317,727500.0,,,,,,,,,
UN1734,2,3,,,,PR0020,394250.0,,,,,,,,,
UN1735,2,1,1,1,2,PR0312,770960.5997732426,1,1,0,1,0,0,1,0,0
UN1736,2,1,1,1,2,PR0312,437680.84681769146,1,1,0,1,0,0,1,0,0
UN1737,2,1,1,1,2,PR0312,395670.6941860465,1,1,0,1,0,0,1,0,0
UN1738,2,1,1,1,2,PR0312,759767.6961819172,1,1,0,1,1,0,1,0,0
UN1739,2,1,1,1,2,PR0312,896457.2846153845,1,1,0,1,1,0,1,0,0
UN1740,2,1,1,1,2,PR0312,354948.6666666667,1,1,0,1,0,0,1,0,0
UN1741,2,1,1,1,2,PR0312,297113.4095833333,1,1,0,1,0,0,1,0,0
UN1743,2,1,1,1,2,PR0318,834818.3875,1,1,0,1,0,1,1,0,0
UN1744,2,1,1,1,2,PR0318,813261.3793103448,1,1,0,1,1,1,1,0,0
UN1745,2,1,1,1,2,PR0318,849421.6803472223,1,1,0,1,1,1,1,0,0
UN1746,2,1,1,1,2,PR0318,951961.4035087719,1,1,0,1,1,1,1,0,0
UN1747,2,1,1,1,2,PR0318,919591.0897435897,1,1,0,1,0,1,1,0,0
UN1748,2,1,1,1,2,PR0318,880316.4846491228,1,1,0,1,0,1,1,0,0
UN1754,2,3,,,,PR0323,0.0,,,,,,,,,
UN1757,2,2,,,,PR0325,646666.666666666,,,,,,,,,
UN1758,2,1,1,1,2,PR0312,358293.75,1,1,0,1,0,0,1,0,0
UN1768,2,4,,,,PR0329,2166754.4,,,,,,,,,
UN1775,2,1,0,0,,PR0328,256247.8463901689,,,,,,,,,
UN1778,2,1,0,0,,PR0328,240768.586080586,,,,,,,,,
UN1779,2,1,0,0,,PR0328,231665.96825396817,,,,,,,,,
UN1781,2,3,3,3,6,PR0331,1094534.0952380951,0,1,0,1,1,1,1,0,1
UN1782,2,2,,,,PR0332,388000.0,,,,,,,,,
UN1789,2,1,,,,PR0021,781000.0,,,,,,,,,
UN1792,2,4,,,,PR0037,949209.3571428572,,,,,,,,,
UN1798,2,4,,,,PR0020,445230.0,,,,,,,,,
UN1799,2,2,,,,PR0335,464412.3451282051,,,,,,,,,
UN1801,2,3,,,,PR0335,450492.32926829264,,,,,,,,,
UN1814,2,4,,,,PR0037,1350661.6505376345,,,,,,,,,
UN1815,2,1,,,,PR0335,462232.9904526166,,,,,,,,,
UN1816,2,1,,,,PR0335,414972.84851190477,,,,,,,,,
UN1817,2,1,,,,PR0335,473811.56550387596,,,,,,,,,
UN1818,2,2,,,,PR0335,456237.02222222224,,,,,,,,,
UN1819,2,1,,,,PR0335,433912.82941176463,,,,,,,,,
UN1820,2,2,,,,PR0335,753538.3333333334,,,,,,,,,
UN1821,2,3,,,,PR0335,475531.1888888888,,,,,,,,,
UN1822,2,1,1,1,2,PR0339,311243.26131687243,1,0,0,1,1,1,1,0,0
UN1823,2,1,1,1,2,PR0339,319540.3846153846,1,0,0,1,1,1,1,0,0
UN1824,2,1,1,1,2,PR0339,298844.9259259259,1,0,0,1,1,1,1,0,1
UN1825,2,1,1,1,2,PR0339,346556.75850340136,1,0,0,1,1,1,1,0,0
UN1826,2,1,1,1,2,PR0339,322524.8548387097,1,0,0,1,1,1,1,0,0
UN1829,2,1,,,,PR0340,973031.25,,,,,,,,,
UN1833,2,3,,,,PR0341,388000.0,,,,,,,,,
UN1834,2,1,,,,PR0341,422642.85714285716,,,,,,,,,
UN1835,2,4,,,,PR0341,1196333.3333333333,,,,,,,,,
UN1837,2,1,,,,PR0342,478792.0,,,,,,,,,
UN1843,2,1,,,,PR0342,598813.3333333334,,,,,,,,,
UN1870,2,2,,,,PR0335,791011.5215053762,,,,,,,,,
UN1875,2,4,,,,PR0346,242500.0,,,,,,,,,
UN1876,2,1,,,,PR0346,257050.0,,,,,,,,,
UN1878,2,2,,,,PR0346,242500.0,,,,,,,,,
UN1881,2,1,,,,PR0348,1164000.0,,,,,,,,,
UN1882,2,1,,,,PR0349,371091.2,,,,,,,,,
UN1883,2,1,,,,PR0349,317501.0384615384,,,,,,,,,
UN1884,2,3,,,,PR0349,286625.3333333333,,,,,,,,,
UN1885,2,3,,,,PR0349,305550.0,,,,,,,,,
UN1886,2,4,,,,PR0349,286057.6979166666,,,,,,,,,
UN1888,2,2,,,,PR0351,408940.5882352941,,,,,,,,,
UN1889,2,4,,,,PR0351,582000.0,,,,,,,,,
UN1890,2,1,,,,PR0351,620412.0,,,,,,,,,
UN1897,1,5,5,5,0,PR0354,1446761.6904861112,1,1,0,1,1,1,1,0,1
UN1898,1,5,5,5,0,PR0354,1675876.6533653846,1,1,0,1,1,1,1,0,1
UN1900,2,3,2,3,8,PR0355,811959.3644444444,1,1,0,1,1,0,1,0,1
UN1901,2,2,,,,PR0349,690493.6666666666,,,,,,,,,
UN1902,2,1,,,,PR0356,1082242.857142857,,,,,,,,,
UN1903,2,3,,,,PR0357,1940000.0,,,,,,,,,
UN1911,2,3,,,,PR0358,0.0,,,,,,,,,
UN1912,2,1,,,,PR0359,194000.0,,,,,,,,,
UN1923,2,1,,,,PR0351,1855125.0,,,,,,,,,
UN1929,2,1,,,,PR0310,1164000.0,,,,,,,,,
UN1930,2,4,,,,PR0360,2425000.0,,,,,,,,,
UN1933,2,4,,,,PR0362,187937.5,,,,,,,,,
UN1943,2,1,0,0,,PR0389,539631.4,,,,,,,,,
UN1950,2,1,1,1,2,PR0364,912963.4391534391,1,1,0,1,1,1,1,0,0
UN1951,2,1,1,1,2,PR0364,1468217.6964285714,1,1,0,1,1,1,1,0,0
UN1952,2,1,1,1,2,PR0364,1635454.5454545454,1,1,0,1,1,1,1,0,0
UN1953,2,1,1,1,2,PR0364,2102500.0,1,1,0,1,1,1,1,0,0
UN1954,2,1,1,1,2,PR0364,1435816.25,1,1,0,1,1,1,1,0,0
UN1957,2,2,,,,PR0349,848664.7,,,,,,,,,
UN1958,2,1,,,,PR0198,689719.9166666666,,,,,,,,,
UN1959,2,1,,,,PR0198,667682.1111111111,,,,,,,,,
UN1962,2,1,0,0,,PR0198,3934139.0,,,,,,,,,
UN1963,2,1,0,0,,PR0198,3934139.0,,,,,,,,,
UN1964,2,1,0,0,,PR0198,538878.8388411588,,,,,,,,,
UN1965,2,1,0,0,,PR0021,382222.222222222,,,,,,,,,
UN1968,2,2,,,,PR0310,1309500.0,,,,,,,,,
UN1971,2,1,1,1,2,PR0367,357052.38095238095,1,1,0,1,1,1,1,0,1
UN1972,2,1,1,1,2,PR0367,388000.0,1,1,0,1,1,1,1,0,1
UN1973,2,1,1,1,2,PR0367,339500.0,1,1,0,1,1,1,1,0,1
UN1984,2,3,,,,PR0365,193030.0,,,,,,,,,
UN1989,2,4,,,,PR0365,873000.0,,,,,,,,,
UN1990,2,1,1,1,2,PR0367,485000.0,1,1,0,1,1,1,1,0,1
UN1991,2,1,1,1,2,PR0367,444583.3333333333,1,1,0,1,1,1,1,0,1
UN1992,2,2,,,,PR0368,1749017.7777777778,,,,,,,,,
UN1993,2,4,,,,PR0368,1491472.0,,,,,,,,,
UN1994,2,2,,,,PR0368,748285.7142857143,,,,,,,,,
UN1995,2,4,,,,PR0335,972505.5625,,,,,,,,,
UN1996,2,1,,,,PR0369,326768.5,,,,,,,,,
UN1997,2,4,,,,PR0369,280087.0,,,,,,,,,
UN2004,2,3,,,,PR0372,887550.0,,,,,,,,,
UN2007,2,2,,,,PR0374,1455000.0,,,,,,,,,
UN2011,2,3,,,,PR0199,548434.5833333334,,,,,,,,,
UN2016,2,3,,,,PR0377,436500.0,,,,,,,,,
UN2018,2,1,,,,PR0379,1293333.3333333333,,,,,,,,,
UN2020,2,4,,,,PR0377,278875.0,,,,,,,,,
UN2026,2,1,0,0,,PR0380,362188.38738738734,,,,,,,,,
UN2038,2,4,,,,PR0379,957875.0,,,,,,,,,
UN2039,2,2,,,,PR0379,970000.0,,,,,,,,,
UN2041,2,2,,,,PR0381,894016.6666666666,,,,,,,,,
UN2043,1,2,2,2,4,PR0373,1643783.6565277777,1,0,0,1,1,1,1,0,1
UN2054,1,2,0,0,,PR0383,503253.63636363635,,,,,,,,,
UN2077,2,4,,,,PR0390,348229.2,,,,,,,,,
UN2080,2,2,2,2,4,PR0024,2052529.9228301623,,,,,,,,,
UN2081,1,2,2,2,8,PR0387,1025778.8771929825,1,1,0,1,1,0,1,0,1
UN2082,2,1,,,,PR0335,1065617.6833333333,,,,,,,,,
UN2083,2,4,,,,PR0335,1135896.0083333333,,,,,,,,,
UN2084,2,1,0,0,,PR0380,989400.0,,,,,,,,,
UN2085,2,1,0,0,,PR0380,989400.0,,,,,,,,,
UN2092,2,1,1,1,2,PR0198,377296.37369142857,1,0,0,1,1,1,1,0,1
UN2093,2,1,1,1,2,PR0198,347217.20597435895,1,0,0,1,1,1,1,0,1
UN2094,2,1,1,1,2,PR0198,365650.8029905803,1,0,0,1,1,1,1,0,1
UN2095,2,1,1,1,2,PR0198,309592.2900411523,1,0,0,1,1,1,1,0,1
UN2097,1,1,1,1,2,PR0373,1660989.897580808,1,0,0,1,1,1,1,0,0
UN2098,2,4,,,,PR0391,385766.6049382716,,,,,,,,,
UN2099,2,2,,,,PR0391,358031.0416666667,,,,,,,,,
UN2100,2,3,,,,PR0391,435206.6666666667,,,,,,,,,
UN2101,2,1,,,,PR0391,486940.0,,,,,,,,,
UN2103,2,3,,,,PR0392,232062.8,,,,,,,,,
UN2105,2,3,,,,PR0392,227950.0,,,,,,,,,
UN2112,2,4,,,,PR0394,805100.0,,,,,,,,,
UN2113,1,1,1,1,3,PR0395,430992.7272727273,1,1,1,1,1,1,0,1,0
UN2114,2,4,,,,PR0396,368600.0,,,,,,,,,
UN2115,1,1,1,1,3,PR0395,469049.67272727273,1,1,0,1,0,1,0,1,0
UN2116,1,1,1,1,3,PR0395,451272.6590909091,1,1,0,1,0,1,0,1,0
UN2120,1,1,1,1,3,PR0395,465600.0,1,1,0,1,0,1,0,1,0
UN2123,1,1,1,1,2,PR0397,608081.1224489796,1,1,0,1,1,1,1,0,0
UN2124,1,1,1,1,2,PR0398,547630.718875502,1,0,0,1,1,0,1,0,0
UN2125,1,1,1,1,2,PR0398,637036.40625,1,0,0,1,1,0,1,0,0
UN2126,1,1,1,1,2,PR0398,585265.9226190476,1,1,0,1,1,0,1,0,0
UN2127,1,1,1,1,2,PR0398,275696.07936507935,1,0,0,1,1,0,1,0,0
UN2129,2,4,,,,PR0392,989400.0,,,,,,,,,
UN2132,2,3,,,,PR0399,0.0,,,,,,,,,
UN2134,1,1,1,1,2,PR0400,572736.5,1,1,0,1,0,0,1,0,0
UN2135,1,1,1,1,2,PR0400,397118.0,1,1,0,1,0,0,1,0,0
UN2136,1,1,1,1,2,PR0400,480164.26470588235,1,1,0,1,0,1,1,0,0
UN2140,2,1,1,1,2,PR0402,324703.3116883117,1,1,0,1,1,0,1,0,0
UN2141,2,1,1,1,2,PR0402,354151.2731829574,1,1,0,1,1,0,1,0,0
UN2142,2,1,1,1,2,PR0402,328952.77777777775,1,1,0,1,1,0,1,0,0
UN2143,2,1,1,1,2,PR0402,284365.23076923075,1,1,0,1,1,0,1,0,0
UN2144,2,1,1,1,2,PR0402,374062.5,1,1,0,1,1,0,0,0,0
UN2146,2,1,1,1,2,PR0403,753678.1578947369,1,1,0,1,1,1,1,0,0
UN2147,2,1,1,1,2,PR0403,993095.2380952381,1,1,0,1,1,1,1,0,0
UN2148,2,1,1,1,2,PR0403,412250.0,1,1,0,1,1,1,1,0,0
UN2149,2,1,1,1,2,PR0403,351583.4285714286,1,1,0,1,1,1,1,0,0
UN2152,2,1,1,1,2,PR0403,512160.0,1,1,0,1,1,1,1,0,0
UN2154,2,2,,,,PR0401,155200.0,,,,,,,,,
UN2155,2,3,2,3,0,PR0406,1311670.0,1,1,0,1,0,0,1,0,1
UN2156,2,2,,,,PR0407,0.0,,,,,,,,,
UN2158,2,4,,,,PR0683,633223.3833333332,1,1,0,1,1,1,1,0,1
UN2159,2,2,,,,PR0683,765000.0,,,,,,,,,
UN2163,2,3,3,3,6,PR0409,4196284.666666667,1,1,0,1,1,1,1,0,1
UN2164,2,4,,,,PR0410,534220.5853227233,,,,,,,,,
UN2165,2,3,,,,PR0410,592049.15,,,,,,,,,
UN2166,2,4,,,,PR0410,655081.1538461539,,,,,,,,,
UN2167,2,4,,,,PR0410,572257.2,,,,,,,,,
UN2168,2,2,,,,PR0410,537903.75,,,,,,,,,
UN2169,2,1,,,,PR0410,614747.0,,,,,,,,,
UN2170,2,3,,,,PR0410,576325.3333333334,,,,,,,,,
UN2171,2,1,,,,PR0411,679000.0,,,,,,,,,
UN2172,2,1,,,,PR0410,670633.1818181818,,,,,,,,,
UN2173,2,4,,,,PR0410,630810.25,,,,,,,,,
UN2174,2,3,,,,PR0411,1185400.625,,,,,,,,,
UN2183,2,2,,,,PR0411,591700.0,,,,,,,,,
UN2184,2,3,,,,PR0391,1940000.0,,,,,,,,,
UN2201,1,1,1,1,2,PR0373,1580256.1298095237,1,0,0,1,1,1,1,0,0
UN2205,2,4,,,,PR0414,226281.57894736843,,,,,,,,,
UN2206,2,3,,,,PR0414,237765.33333333334,,,,,,,,,
UN2213,2,3,3,3,6,PR0417,1205956.716931217,,,,,,,,,
UN2215,2,4,,,,PR0410,1074461.5384615385,,,,,,,,,
UN2216,2,2,,,,PR0410,1601651.875,,,,,,,,,
UN2217,2,2,,,,PR0410,1830875.0,,,,,,,,,
UN2218,2,2,,,,PR0418,183241.906,,,,,,,,,
UN2224,2,1,,,,PR0420,6007090.416666666,,,,,,,,,
UN2226,2,2,,,,PR0421,194000.0,,,,,,,,,
UN2227,2,4,,,,PR0421,295850.0,,,,,,,,,
UN2229,2,4,,,,PR0418,193022.28,,,,,,,,,
UN2233,2,4,,,,PR0422,270280.8,,,,,,,,,
UN2236,2,1,1,1,2,PR0423,188312.5,1,0,0,1,1,0,1,0,1
UN2238,1,1,1,1,2,PR0423,323333.3333333333,1,0,0,1,1,0,1,0,1
UN2239,1,1,1,1,2,PR0423,194000.0,1,0,0,1,1,0,1,0,1
UN2243,2,1,1,1,2,PR0423,315250.0,1,0,0,1,1,0,1,0,1
UN2245,2,1,,,,PR0418,190713.4833333333,,,,,,,,,
UN2246,2,1,,,,PR0418,206841.08666666664,,,,,,,,,
UN2251,2,2,,,,PR0425,721437.625,,,,,,,,,
UN2252,2,4,,,,PR0418,177890.0,,,,,,,,,
UN2262,1,2,3,2,4,PR0432,1429870.78,1,1,0,1,1,1,1,0,1
UN2266,1,4,5,4,9,PR0435,1890050.4724089636,1,1,1,1,1,1,1,0,1
UN2275,2,3,4,3,6,PR0438,885583.4053724053,1,1,1,1,1,1,1,0,1
UN2279,2,1,0,0,,PR0424,363750.0,,,,,,,,,
UN2282,2,2,2,2,8,PR0101,2144306.357644345,1,0,0,1,1,1,1,0,0
UN2289,2,3,,,,PR0434,557157.2222222222,1,1,0,1,1,1,0,0,0
UN2290,2,1,,,,PR0434,538605.2631578947,1,1,0,1,1,1,1,0,1
UN2291,2,1,,,,PR0434,620001.3051403508,1,1,0,1,1,1,1,0,0
UN2304,2,2,,,,PR0434,602556.4479120879,1,1,0,1,1,1,1,0,0
UN2305,2,3,2,3,6,PR0450,2098163.1756776557,1,1,0,1,1,1,1,0,1
UN2309,2,4,,,,PR0434,578180.4855571429,1,1,0,1,1,1,1,0,0
UN2311,2,3,,,,PR0434,545845.4545454546,1,1,1,1,1,1,1,0,0
UN2312,2,1,1,1,2,PR0442,315638.0,1,0,0,1,1,1,1,0,1
UN2313,1,1,1,1,2,PR0442,237111.11111111112,1,0,0,1,1,1,1,0,1
UN2318,1,1,1,1,2,PR0442,256013.86906666667,1,0,0,1,1,1,1,0,1
UN2320,1,1,1,1,2,PR0453,622416.6666666666,1,1,0,1,0,1,1,0,1
UN2329,2,4,,,,PR0434,576147.6666666666,1,1,0,1,1,1,1,0,0
UN2330,1,1,1,1,2,PR0460,385251.6666666667,1,1,0,0,1,0,1,0,0
UN2331,2,1,1,1,2,PR0460,408377.4,1,1,0,0,1,0,1,0,0
UN2334,2,1,1,1,2,PR0464,324355.9044117647,1,0,0,1,1,1,1,0,1
UN2335,2,1,1,1,2,PR0464,341150.01190476184,1,0,0,1,1,1,1,0,1
UN2338,2,1,,,,PR0455,771250.0,,,,,,,,,
UN2339,2,1,0,0,,PR0455,907965.4761904761,,,,,,,,,
UN2340,2,1,,,,PR0434,595337.5,1,1,0,1,1,1,1,0,0
UN2345,2,1,1,1,2,PR0464,353800.037037037,1,0,0,1,1,1,1,0,1
UN2346,2,1,1,1,2,PR0464,344636.211038961,1,0,0,1,1,1,1,0,1
UN2347,2,2,,,,PR0418,1164000.0,,,,,,,,,
UN2364,1,1,1,1,2,PR0467,296024.67708333326,,,,,,,,,
UN2369,2,1,1,1,2,PR0460,412250.0,1,1,0,0,1,0,1,0,0
UN2372,2,1,1,1,2,PR0464,388000.0,1,0,0,1,1,1,1,0,1
UN2373,2,1,1,1,2,PR0464,368600.0,1,0,0,1,1,1,1,0,1
UN2378,1,1,1,1,2,PR0460,408273.0,1,1,0,0,1,0,1,0,0
UN2380,2,2,3,2,4,PR0474,1164000.0,1,1,0,1,1,1,1,0,1
UN2446,2,1,1,1,2,PR0245,991294.1797413434,1,1,0,1,1,1,1,0,0
UN2447,1,1,1,1,2,PR0245,991294.1797413434,1,1,0,1,1,1,1,0,0
UN2448,2,1,1,1,2,PR0245,991294.1797413434,0,1,0,1,1,1,1,0,0
UN2523,2,1,1,1,2,PR0516,487429.4145299144,,,,,,,,,
UN2743,2,1,1,1,,PR0160,738120.2994397759,,,,,,,,,
UN2747,2,1,1,1,,PR0160,429035.4912462536,,,,,,,,,
UN2748,2,1,1,1,,PR0160,429035.4912462536,,,,,,,,,
UN2749,2,1,1,1,,PR0160,429035.4912462536,,,,,,,,,
UN2750,2,1,1,1,,PR0160,429035.4912462536,,,,,,,,,
UN2881,2,,,,,PR0293,1596840.6196969696,,,,,,,,,
UN2882,2,,,,,PR0293,1596840.6196969696,,,,,,,,,
