unit_type_id,property_id,name,created_at,updated_at,deleted_at
1,PR0691,Sleep Well Balangan Villa,2021-11-22 05:25,2023-03-06 09:56,
2,PR0692,Dancing Garden Villa (B7),2021-12-06 03:03,2021-12-06 03:42,
3,PR0689,Beach House 55,2021-12-06 03:47,2023-03-06 09:56,
4,PR0565,Type 1,2021-12-09 06:41,2021-12-09 06:41,
5,PR0565,Type 2,2021-12-09 06:41,2021-12-09 06:41,
6,PR0565,Type 3,2021-12-09 06:41,2021-12-09 06:41,
7,PR0565,Type 4,2021-12-09 06:41,2021-12-09 06:41,
8,PR0000,Type 1,2021-12-09 06:41,2021-12-09 06:41,
9,PR0005,Type 1,2021-12-09 06:41,2021-12-09 06:41,
10,PR0005,Type 2,2021-12-09 06:41,2021-12-09 06:41,
11,PR0004,Type 1,2021-12-09 06:41,2021-12-09 06:41,
12,PR0004,Type 2,2021-12-09 06:41,2021-12-09 06:41,
13,PR0004,Type 3,2021-12-09 06:41,2021-12-09 06:41,
14,PR0388,Type 1,2021-12-09 06:41,2021-12-09 06:41,
15,PR0003,Type 1,2021-12-09 06:41,2021-12-09 06:41,
16,PR0003,Type 2,2021-12-09 06:41,2021-12-09 06:41,
17,PR0002,Type 1,2021-12-09 06:41,2021-12-09 06:41,
18,PR0002,Type 2,2021-12-09 06:41,2021-12-09 06:41,
19,PR0006,Type 1,2021-12-09 06:41,2021-12-09 06:41,
20,PR0011,Type 1,2021-12-09 06:41,2021-12-09 06:41,
21,PR0011,Type 2,2021-12-09 06:41,2021-12-09 06:41,
22,PR0011,Type 3,2021-12-09 06:41,2021-12-09 06:41,
23,PR0071,Type 1,2021-12-09 06:41,2021-12-09 06:41,
24,PR0071,Type 2,2021-12-09 06:41,2021-12-09 06:41,
25,PR0071,Type 3,2021-12-09 06:41,2021-12-09 06:41,
26,PR0071,Type 4,2021-12-09 06:41,2021-12-09 06:41,
27,PR0013,Type 1,2021-12-09 06:41,2021-12-09 06:41,
28,PR0013,Type 2,2021-12-09 06:41,2021-12-09 06:41,
29,PR0013,Type 3,2021-12-09 06:41,2021-12-09 06:41,
30,PR0013,Type 4,2021-12-09 06:41,2021-12-09 06:41,
31,PR0015,Type 1,2021-12-09 06:41,2021-12-09 06:41,
32,PR0015,Type 2,2021-12-09 06:41,2021-12-09 06:41,
33,PR0015,Type 3,2021-12-09 06:41,2021-12-09 06:41,
34,PR0015,Type 4,2021-12-09 06:41,2021-12-09 06:41,
35,PR0014,Type 1,2021-12-09 06:41,2021-12-09 06:41,
36,PR0014,Type 2,2021-12-09 06:42,2021-12-09 06:42,
37,PR0014,Type 3,2021-12-09 06:42,2021-12-09 06:42,
38,PR0017,Type 1,2021-12-09 06:42,2021-12-09 06:42,
39,PR0017,Type 2,2021-12-09 06:42,2021-12-09 06:42,
40,PR0023,Type 1,2021-12-09 06:42,2021-12-09 06:42,
41,PR0023,Type 2,2021-12-09 06:42,2021-12-09 06:42,
42,PR0026,Type 1,2021-12-09 06:42,2021-12-09 06:42,
43,PR0026,Type 2,2021-12-09 06:42,2021-12-09 06:42,
44,PR0026,Type 3,2021-12-09 06:42,2021-12-09 06:42,
45,PR0025,Type 1,2021-12-09 06:42,2021-12-09 06:42,
46,PR0024,Type 1,2021-12-09 06:42,2021-12-09 06:42,
47,PR0024,Type 2,2021-12-09 06:42,2021-12-09 06:42,
48,PR0024,Type 3,2021-12-09 06:42,2021-12-09 06:42,
49,PR0027,Type 1,2021-12-09 06:42,2021-12-09 06:42,
50,PR0028,Type 1,2021-12-09 06:42,2021-12-09 06:42,
51,PR0036,Type 1,2021-12-09 06:42,2021-12-09 06:42,
52,PR0036,Type 2,2021-12-09 06:42,2021-12-09 06:42,
53,PR0036,Type 3,2021-12-09 06:42,2021-12-09 06:42,
54,PR0036,Type 4,2021-12-09 06:42,2021-12-09 06:42,
55,PR0352,Type 1,2021-12-09 06:42,2021-12-09 06:42,
56,PR0352,Type 2,2021-12-09 06:42,2021-12-09 06:42,
57,PR0352,Type 3,2021-12-09 06:42,2021-12-09 06:42,
58,PR0352,Type 4,2021-12-09 06:42,2021-12-09 06:42,
59,PR0352,Type 5,2021-12-09 06:42,2021-12-09 06:42,
60,PR0039,Type 1,2021-12-09 06:42,2021-12-09 06:42,
61,PR0039,Type 2,2021-12-09 06:42,2021-12-09 06:42,
62,PR0039,Type 3,2021-12-09 06:42,2021-12-09 06:42,
63,PR0037,Type 1,2021-12-09 06:42,2021-12-09 06:42,
64,PR0037,Type 2,2021-12-09 06:42,2021-12-09 06:42,
65,PR0037,Type 3,2021-12-09 06:42,2021-12-09 06:42,
66,PR0255,Type 1,2021-12-09 06:42,2021-12-09 06:42,
67,PR0255,Type 2,2021-12-09 06:43,2021-12-09 06:43,
68,PR0210,Type 1,2021-12-09 06:43,2021-12-09 06:43,
69,PR0210,Type 2,2021-12-09 06:43,2021-12-09 06:43,
70,PR0210,Type 3,2021-12-09 06:43,2021-12-09 06:43,
71,PR0110,Type 1,2021-12-09 06:43,2021-12-09 06:43,
72,PR0110,Type 2,2021-12-09 06:43,2021-12-09 06:43,
73,PR0110,Type 3,2021-12-09 06:43,2021-12-09 06:43,
74,PR0257,Type 1,2021-12-09 06:43,2021-12-09 06:43,
75,PR0257,Type 2,2021-12-09 06:43,2021-12-09 06:43,
76,PR0257,Type 3,2021-12-09 06:43,2021-12-09 06:43,
77,PR0257,Type 4,2021-12-09 06:43,2021-12-09 06:43,
78,PR0212,Type 1,2021-12-09 06:43,2021-12-09 06:43,
79,PR0212,Type 2,2021-12-09 06:43,2021-12-09 06:43,
80,PR0212,Type 3,2021-12-09 06:43,2021-12-09 06:43,
81,PR0212,Type 4,2021-12-09 06:43,2021-12-09 06:43,
82,PR0162,Type 1,2021-12-09 06:43,2021-12-09 06:43,
83,PR0162,Type 2,2021-12-09 06:43,2021-12-09 06:43,
84,PR0162,Type 3,2021-12-09 06:43,2021-12-09 06:43,
85,PR0259,Type 1,2021-12-09 06:43,2021-12-09 06:43,
86,PR0259,Type 2,2021-12-09 06:43,2021-12-09 06:43,
87,PR0259,Type 3,2021-12-09 06:43,2021-12-09 06:43,
88,PR0214,Type 1,2021-12-09 06:43,2021-12-09 06:43,
89,PR0214,Type 2,2021-12-09 06:43,2021-12-09 06:43,
90,PR0214,Type 3,2021-12-09 06:43,2021-12-09 06:43,
91,PR0214,Type 4,2021-12-09 06:43,2021-12-09 06:43,
92,PR0164,Type 1,2021-12-09 06:43,2021-12-09 06:43,
93,PR0114,Type 1,2021-12-09 06:43,2021-12-09 06:43,
94,PR0114,Type 2,2021-12-09 06:43,2021-12-09 06:43,
95,PR0114,Type 3,2021-12-09 06:43,2021-12-09 06:43,
96,PR0114,Type 4,2021-12-09 06:43,2021-12-09 06:43,
97,PR0261,Type 1,2021-12-09 06:43,2021-12-09 06:43,
98,PR0261,Type 2,2021-12-09 06:44,2021-12-09 06:44,
99,PR0216,Type 1,2021-12-09 06:44,2021-12-09 06:44,
100,PR0166,Type 1,2021-12-09 06:44,2021-12-09 06:44,
101,PR0166,Type 2,2021-12-09 06:44,2021-12-09 06:44,
102,PR0116,Type 1,2021-12-09 06:44,2021-12-09 06:44,
103,PR0116,Type 2,2021-12-09 06:44,2021-12-09 06:44,
104,PR0116,Type 3,2021-12-09 06:44,2021-12-09 06:44,
105,PR0116,Type 4,2021-12-09 06:44,2021-12-09 06:44,
106,PR0263,Type 1,2021-12-09 06:44,2021-12-09 06:44,
107,PR0263,Type 2,2021-12-09 06:44,2021-12-09 06:44,
108,PR0218,Type 1,2021-12-09 06:44,2021-12-09 06:44,
109,PR0168,Type 1,2021-12-09 06:44,2021-12-09 06:44,
110,PR0168,Type 2,2021-12-09 06:44,2021-12-09 06:44,
111,PR0168,Type 3,2021-12-09 06:44,2021-12-09 06:44,
112,PR0168,Type 4,2021-12-09 06:44,2021-12-09 06:44,
113,PR0118,Type 1,2021-12-09 06:44,2021-12-09 06:44,
114,PR0306,Type 1,2021-12-09 06:44,2021-12-09 06:44,
115,PR0220,Type 1,2021-12-09 06:44,2021-12-09 06:44,
116,PR0220,Type 2,2021-12-09 06:44,2021-12-09 06:44,
117,PR0170,Bingin Surf Left,2021-12-09 06:44,2023-03-06 09:56,
118,PR0170,Type 2,2021-12-09 06:44,2023-03-04 06:21,2023-03-04 06:21
119,PR0120,Standard,2021-12-09 06:44,2023-02-14 04:56,
120,PR0120,Bingin Ombak Apartment - 1 Lantai 1,2021-12-09 06:44,2023-03-07 10:10,
121,PR0120,Bingin Ombak Apartment - 2 Lantai 2,2021-12-09 06:44,2023-03-07 10:10,
122,PR0120,Type 4,2021-12-09 06:44,2023-03-04 06:21,2023-03-04 06:21
123,PR0267,Type 1,2021-12-09 06:44,2021-12-09 06:44,
124,PR0222,Type 1,2021-12-09 06:44,2021-12-09 06:44,
125,PR0222,Type 2,2021-12-09 06:44,2021-12-09 06:44,
126,PR0222,Type 3,2021-12-09 06:44,2021-12-09 06:44,
127,PR0222,Type 4,2021-12-09 06:44,2021-12-09 06:44,
128,PR0172,Type 1,2021-12-09 06:44,2021-12-09 06:44,
129,PR0172,Type 2,2021-12-09 06:45,2021-12-09 06:45,
130,PR0122,Type 1,2021-12-09 06:45,2021-12-09 06:45,
131,PR0269,Type 1,2021-12-09 06:45,2021-12-09 06:45,
132,PR0269,Type 2,2021-12-09 06:45,2021-12-09 06:45,
133,PR0269,Type 3,2021-12-09 06:45,2021-12-09 06:45,
134,PR0269,Type 4,2021-12-09 06:45,2021-12-09 06:45,
135,PR0315,Type 1,2021-12-09 06:45,2021-12-09 06:45,
136,PR0224,Type 1,2021-12-09 06:45,2021-12-09 06:45,
137,PR0224,Type 2,2021-12-09 06:45,2021-12-09 06:45,
138,PR0224,Type 3,2021-12-09 06:45,2021-12-09 06:45,
139,PR0224,Type 4,2021-12-09 06:45,2021-12-09 06:45,
140,PR0174,Type 1,2021-12-09 06:45,2021-12-09 06:45,
141,PR0174,Type 2,2021-12-09 06:45,2021-12-09 06:45,
142,PR0124,Type 1,2021-12-09 06:45,2021-12-09 06:45,
143,PR0271,Type 1,2021-12-09 06:45,2021-12-09 06:45,
144,PR0226,Type 1,2021-12-09 06:45,2021-12-09 06:45,
145,PR0226,Type 2,2021-12-09 06:45,2021-12-09 06:45,
146,PR0176,Type 1,2021-12-09 06:45,2021-12-09 06:45,
147,PR0126,Double,2021-12-09 06:45,2023-03-07 10:10,
148,PR0126,Twin,2021-12-09 06:45,2023-03-07 10:10,
149,PR0273,Type 1,2021-12-09 06:45,2021-12-09 06:45,
150,PR0228,Type 1,2021-12-09 06:45,2021-12-09 06:45,
151,PR0178,Type 1,2021-12-09 06:45,2021-12-09 06:45,
152,PR0128,Type 1,2021-12-09 06:45,2021-12-09 06:45,
153,PR0274,Type 1,2021-12-09 06:45,2021-12-09 06:45,
154,PR0229,Type 1,2021-12-09 06:45,2021-12-09 06:45,
155,PR0229,Type 2,2021-12-09 06:45,2021-12-09 06:45,
156,PR0180,Type 1,2021-12-09 06:45,2021-12-09 06:45,
157,PR0129,Type 1,2021-12-09 06:45,2021-12-09 06:45,
158,PR0129,Type 2,2021-12-09 06:45,2021-12-09 06:45,
159,PR0129,Type 3,2021-12-09 06:46,2021-12-09 06:46,
160,PR0276,De Kutuh Villa 3BR Villa,2021-12-09 06:46,2023-03-06 09:56,
161,PR0276,De Kutuh Villa 4BR Villa,2021-12-09 06:46,2023-03-06 09:56,
162,PR0230,Type 1,2021-12-09 06:46,2021-12-09 06:46,
163,PR0230,Type 2,2021-12-09 06:46,2021-12-09 06:46,
164,PR0181,Type 1,2021-12-09 06:46,2021-12-09 06:46,
165,PR0130,Type 1,2021-12-09 06:46,2021-12-09 06:46,
166,PR0277,Type 1,2021-12-09 06:46,2021-12-09 06:46,
167,PR0277,Type 2,2021-12-09 06:46,2021-12-09 06:46,
168,PR0277,Type 3,2021-12-09 06:46,2021-12-09 06:46,
169,PR0231,Type 1,2021-12-09 06:46,2021-12-09 06:46,
170,PR0183,Type 1,2021-12-09 06:46,2021-12-09 06:46,
171,PR0131,Type 1,2021-12-09 06:46,2021-12-09 06:46,
172,PR0131,Type 2,2021-12-09 06:46,2021-12-09 06:46,
173,PR0131,Type 3,2021-12-09 06:46,2021-12-09 06:46,
174,PR0278,Type 1,2021-12-09 06:46,2021-12-09 06:46,
175,PR0232,Type 1,2021-12-09 06:46,2021-12-09 06:46,
176,PR0232,Type 2,2021-12-09 06:46,2021-12-09 06:46,
177,PR0232,Type 3,2021-12-09 06:46,2021-12-09 06:46,
178,PR0184,Type 1,2021-12-09 06:46,2021-12-09 06:46,
179,PR0184,Type 2,2021-12-09 06:46,2021-12-09 06:46,
180,PR0184,Type 3,2021-12-09 06:46,2021-12-09 06:46,
181,PR0184,Type 4,2021-12-09 06:46,2021-12-09 06:46,
182,PR0133,Type 1,2021-12-09 06:46,2021-12-09 06:46,
183,PR0133,Type 2,2021-12-09 06:46,2021-12-09 06:46,
184,PR0133,Type 3,2021-12-09 06:46,2021-12-09 06:46,
185,PR0279,Type 1,2021-12-09 06:46,2021-12-09 06:46,
186,PR0233,Type 1,2021-12-09 06:46,2021-12-09 06:46,
187,PR0233,Type 2,2021-12-09 06:46,2021-12-09 06:46,
188,PR0233,Type 3,2021-12-09 06:46,2021-12-09 06:46,
189,PR0185,Type 1,2021-12-09 06:47,2021-12-09 06:47,
190,PR0134,Type 1,2021-12-09 06:47,2021-12-09 06:47,
191,PR0134,Type 2,2021-12-09 06:47,2021-12-09 06:47,
192,PR0134,Type 3,2021-12-09 06:47,2021-12-09 06:47,
193,PR0281,Type 1,2021-12-09 06:47,2021-12-09 06:47,
194,PR0234,Type 1,2021-12-09 06:47,2021-12-09 06:47,
195,PR0234,Type 2,2021-12-09 06:47,2021-12-09 06:47,
196,PR0234,Type 3,2021-12-09 06:47,2021-12-09 06:47,
197,PR0186,Type 1,2021-12-09 06:47,2021-12-09 06:47,
198,PR0160,Type 1,2021-12-09 06:47,2021-12-09 06:47,
199,PR0160,Type 2,2021-12-09 06:47,2021-12-09 06:47,
200,PR0160,Type 3,2021-12-09 06:47,2021-12-09 06:47,
201,PR0135,Type 1,2021-12-09 06:47,2021-12-09 06:47,
202,PR0135,Type 2,2021-12-09 06:47,2021-12-09 06:47,
203,PR0135,Type 3,2021-12-09 06:47,2021-12-09 06:47,
204,PR0135,Type 4,2021-12-09 06:47,2021-12-09 06:47,
205,PR0282,Downstairs Hot Water,2021-12-09 06:47,2023-05-22 18:53,
206,PR0282,Upstairs Hot Water,2021-12-09 06:47,2023-05-22 18:53,
207,PR0235,Type 1,2021-12-09 06:47,2021-12-09 06:47,
208,PR0188,Guesthouse,2021-12-09 06:47,2023-03-06 09:56,
209,PR0137,Type 1,2021-12-09 06:47,2021-12-09 06:47,
210,PR0284,Type 1,2021-12-09 06:47,2021-12-09 06:47,
211,PR0236,Type 1,2021-12-09 06:47,2021-12-09 06:47,
212,PR0236,Type 2,2021-12-09 06:47,2021-12-09 06:47,
213,PR0236,Type 3,2021-12-09 06:47,2021-12-09 06:47,
214,PR0236,Type 4,2021-12-09 06:47,2021-12-09 06:47,
215,PR0189,Type 1,2021-12-09 06:48,2021-12-09 06:48,
216,PR0189,Type 2,2021-12-09 06:48,2021-12-09 06:48,
217,PR0189,Type 3,2021-12-09 06:48,2021-12-09 06:48,
218,PR0189,Type 4,2021-12-09 06:48,2021-12-09 06:48,
219,PR0138,Type 1,2021-12-09 06:48,2021-12-09 06:48,
220,PR0138,Type 2,2021-12-09 06:48,2021-12-09 06:48,
221,PR0138,Type 3,2021-12-09 06:48,2021-12-09 06:48,
222,PR0138,Type 4,2021-12-09 06:48,2021-12-09 06:48,
223,PR0286,Type 1,2021-12-09 06:48,2021-12-09 06:48,
224,PR0286,Type 2,2021-12-09 06:48,2021-12-09 06:48,
225,PR0286,Type 3,2021-12-09 06:48,2021-12-09 06:48,
226,PR0286,Type 4,2021-12-09 06:48,2021-12-09 06:48,
227,PR0238,Type 1,2021-12-09 06:48,2021-12-09 06:48,
228,PR0238,Type 2,2021-12-09 06:48,2021-12-09 06:48,
229,PR0238,Type 3,2021-12-09 06:48,2021-12-09 06:48,
230,PR0238,Type 4,2021-12-09 06:48,2021-12-09 06:48,
231,PR0238,Type 5,2021-12-09 06:48,2021-12-09 06:48,
232,PR0307,Type 1,2021-12-09 06:48,2021-12-09 06:48,
233,PR0031,Type 1,2021-12-09 06:48,2021-12-09 06:48,
234,PR0031,Type 2,2021-12-09 06:48,2021-12-09 06:48,
235,PR0031,Type 3,2021-12-09 06:48,2021-12-09 06:48,
236,PR0140,Type 1,2021-12-09 06:48,2021-12-09 06:48,
237,PR0288,Type 1,2021-12-09 06:48,2021-12-09 06:48,
238,PR0288,Type 2,2021-12-09 06:48,2021-12-09 06:48,
239,PR0288,Type 3,2021-12-09 06:48,2021-12-09 06:48,
240,PR0239,Type 1,2021-12-09 06:49,2021-12-09 06:49,
241,PR0239,Type 2,2021-12-09 06:49,2021-12-09 06:49,
242,PR0239,Type 3,2021-12-09 06:49,2021-12-09 06:49,
243,PR0191,Type 1,2021-12-09 06:49,2021-12-09 06:49,
244,PR0191,Type 2,2021-12-09 06:49,2021-12-09 06:49,
245,PR0191,Type 3,2021-12-09 06:49,2021-12-09 06:49,
246,PR0141,Type 1,2021-12-09 06:49,2021-12-09 06:49,
247,PR0141,Type 2,2021-12-09 06:49,2021-12-09 06:49,
248,PR0141,Type 3,2021-12-09 06:49,2021-12-09 06:49,
249,PR0141,Type 4,2021-12-09 06:49,2021-12-09 06:49,
250,PR0289,Type 1,2021-12-09 06:49,2021-12-09 06:49,
251,PR0289,Type 2,2021-12-09 06:49,2021-12-09 06:49,
252,PR0289,Type 3,2021-12-09 06:49,2021-12-09 06:49,
253,PR0240,Type 1,2021-12-09 06:49,2021-12-09 06:49,
254,PR0240,Type 2,2021-12-09 06:49,2021-12-09 06:49,
255,PR0240,Type 3,2021-12-09 06:49,2021-12-09 06:49,
256,PR0240,Type 4,2021-12-09 06:49,2021-12-09 06:49,
257,PR0192,Type 1,2021-12-09 06:49,2021-12-09 06:49,
258,PR0142,Type 1,2021-12-09 06:49,2021-12-09 06:49,
259,PR0142,Type 2,2021-12-09 06:49,2021-12-09 06:49,
260,PR0142,Type 3,2021-12-09 06:49,2021-12-09 06:49,
261,PR0290,Type 1,2021-12-09 06:49,2021-12-09 06:49,
262,PR0290,Type 2,2021-12-09 06:49,2021-12-09 06:49,
263,PR0290,Type 3,2021-12-09 06:49,2021-12-09 06:49,
264,PR0241,2BR,2021-12-09 06:49,2023-03-06 09:56,
265,PR0241,1BR,2021-12-09 06:49,2023-03-06 09:56,
266,PR0193,Type 1,2021-12-09 06:49,2021-12-09 06:49,
267,PR0193,Type 2,2021-12-09 06:49,2021-12-09 06:49,
268,PR0193,Type 3,2021-12-09 06:49,2021-12-09 06:49,
269,PR0193,Type 4,2021-12-09 06:49,2021-12-09 06:49,
270,PR0143,Type 1,2021-12-09 06:50,2021-12-09 06:50,
271,PR0292,Type 1,2021-12-09 06:50,2021-12-09 06:50,
272,PR0079,Type 1,2021-12-09 06:50,2021-12-09 06:50,
273,PR0079,Type 2,2021-12-09 06:50,2021-12-09 06:50,
274,PR0079,Type 3,2021-12-09 06:50,2021-12-09 06:50,
275,PR0079,Type 4,2021-12-09 06:50,2021-12-09 06:50,
276,PR0194,Type 1,2021-12-09 06:50,2021-12-09 06:50,
277,PR0194,Type 2,2021-12-09 06:50,2021-12-09 06:50,
278,PR0194,Type 3,2021-12-09 06:50,2021-12-09 06:50,
279,PR0144,Type 1,2021-12-09 06:50,2021-12-09 06:50,
280,PR0144,Type 2,2021-12-09 06:50,2021-12-09 06:50,
281,PR0144,Type 3,2021-12-09 06:50,2021-12-09 06:50,
282,PR0293,Entire,2021-12-09 06:50,2023-03-06 09:21,
283,PR0293,Type 2,2021-12-09 06:50,2023-03-02 05:08,2023-03-02 05:08
284,PR0293,Type 3,2021-12-09 06:50,2023-03-02 05:08,2023-03-02 05:08
285,PR0242,NDBV Lot 3,2021-12-09 06:50,2023-03-06 09:56,
286,PR0196,NDBV Lot 6,2021-12-09 06:50,2023-03-06 09:56,
287,PR0145,Type 1,2021-12-09 06:50,2021-12-09 06:50,
288,PR0294,Downstairs Room 2B,2021-12-09 06:50,2023-03-07 10:10,
289,PR0294,Upstairs Room 3B,2021-12-09 06:50,2023-03-07 10:10,
290,PR0294,Upstairs Room 3A,2021-12-09 06:50,2023-03-07 10:10,
291,PR0243,Type 1,2021-12-09 06:50,2021-12-09 06:50,
292,PR0243,Type 2,2021-12-09 06:50,2021-12-09 06:50,
293,PR0243,Type 3,2021-12-09 06:50,2021-12-09 06:50,
294,PR0243,Type 4,2021-12-09 06:50,2021-12-09 06:50,
295,PR0197,Type 1,2021-12-09 06:50,2021-12-09 06:50,
296,PR0146,Type 1,2021-12-09 06:50,2021-12-09 06:50,
297,PR0146,Type 2,2021-12-09 06:50,2021-12-09 06:50,
298,PR0146,Type 3,2021-12-09 06:50,2021-12-09 06:50,
299,PR0146,Type 4,2021-12-09 06:50,2021-12-09 06:50,
300,PR0295,Type 1,2021-12-09 06:51,2021-12-09 06:51,
301,PR0295,Type 2,2021-12-09 06:51,2021-12-09 06:51,
302,PR0295,Type 3,2021-12-09 06:51,2021-12-09 06:51,
303,PR0244,Type 1,2021-12-09 06:51,2021-12-09 06:51,
304,PR0244,Type 2,2021-12-09 06:51,2021-12-09 06:51,
305,PR0198,Type 1,2021-12-09 06:51,2023-03-04 06:21,2023-03-04 06:21
306,PR0198,Type 2,2021-12-09 06:51,2023-03-04 06:21,2023-03-04 06:21
307,PR0198,Type 3,2021-12-09 06:51,2023-03-04 06:21,2023-03-04 06:21
308,PR0147,Type 1,2021-12-09 06:51,2021-12-09 06:51,
309,PR0147,Type 2,2021-12-09 06:51,2021-12-09 06:51,
310,PR0296,Type 1,2021-12-09 06:51,2021-12-09 06:51,
311,PR0245,Standard Twin,2021-12-09 06:51,2023-05-11 04:42,
312,PR0245,Twin,2021-12-09 06:51,2023-05-11 04:42,2023-05-11 04:42
313,PR0245,Twin Non Allocation,2021-12-09 06:51,2023-05-11 04:35,2023-05-11 04:35
314,PR0245,Standard Double,2021-12-09 06:51,2023-05-11 04:35,2023-05-11 04:35
315,PR0245,Deluxe Double,2021-12-09 06:51,2023-05-11 04:35,2023-05-11 04:35
316,PR0199,Type 1,2021-12-09 06:51,2021-12-09 06:51,
317,PR0199,Type 2,2021-12-09 06:51,2021-12-09 06:51,
318,PR0199,Type 3,2021-12-09 06:51,2021-12-09 06:51,
319,PR0199,Type 4,2021-12-09 06:51,2021-12-09 06:51,
320,PR0148,Type 1,2021-12-09 06:51,2021-12-09 06:51,
321,PR0148,Type 2,2021-12-09 06:51,2021-12-09 06:51,
322,PR0148,Type 3,2021-12-09 06:51,2021-12-09 06:51,
323,PR0148,Type 4,2021-12-09 06:51,2021-12-09 06:51,
324,PR0297,Type 1,2021-12-09 06:51,2021-12-09 06:51,
325,PR0297,Type 2,2021-12-09 06:51,2021-12-09 06:51,
326,PR0297,Type 3,2021-12-09 06:52,2021-12-09 06:52,
327,PR0297,Type 4,2021-12-09 06:52,2021-12-09 06:52,
328,PR0389,Type 1,2021-12-09 06:52,2021-12-09 06:52,
329,PR0389,Type 2,2021-12-09 06:52,2021-12-09 06:52,
330,PR0389,Type 3,2021-12-09 06:52,2021-12-09 06:52,
331,PR0389,Type 4,2021-12-09 06:52,2021-12-09 06:52,
332,PR0389,Type 5,2021-12-09 06:52,2021-12-09 06:52,
333,PR0200,Type 1,2021-12-09 06:52,2021-12-09 06:52,
334,PR0200,Type 2,2021-12-09 06:52,2021-12-09 06:52,
335,PR0200,Type 3,2021-12-09 06:52,2021-12-09 06:52,
336,PR0149,Type 1,2021-12-09 06:52,2021-12-09 06:52,
337,PR0149,Type 2,2021-12-09 06:52,2021-12-09 06:52,
338,PR0298,Type 1,2021-12-09 06:52,2021-12-09 06:52,
339,PR0298,Type 2,2021-12-09 06:52,2021-12-09 06:52,
340,PR0298,Type 3,2021-12-09 06:52,2021-12-09 06:52,
341,PR0298,Type 4,2021-12-09 06:52,2021-12-09 06:52,
342,PR0247,Type 1,2021-12-09 06:52,2021-12-09 06:52,
343,PR0247,Type 2,2021-12-09 06:52,2021-12-09 06:52,
344,PR0201,Type 1,2021-12-09 06:52,2021-12-09 06:52,
345,PR0201,Type 2,2021-12-09 06:52,2021-12-09 06:52,
346,PR0150,Type 1,2021-12-09 06:52,2021-12-09 06:52,
347,PR0150,Type 2,2021-12-09 06:52,2021-12-09 06:52,
348,PR0150,Type 3,2021-12-09 06:52,2021-12-09 06:52,
349,PR0299,Type 1,2021-12-09 06:52,2021-12-09 06:52,
350,PR0299,Type 2,2021-12-09 06:52,2021-12-09 06:52,
351,PR0299,Type 3,2021-12-09 06:52,2021-12-09 06:52,
352,PR0299,Type 4,2021-12-09 06:52,2021-12-09 06:52,
353,PR0248,Type 1,2021-12-09 06:52,2021-12-09 06:52,
354,PR0202,Type 1,2021-12-09 06:52,2021-12-09 06:52,
355,PR0151,Type 1,2021-12-09 06:52,2021-12-09 06:52,
356,PR0300,Type 1,2021-12-09 06:52,2021-12-09 06:52,
357,PR0300,Type 2,2021-12-09 06:52,2021-12-09 06:52,
358,PR0300,Type 3,2021-12-09 06:53,2021-12-09 06:53,
359,PR0300,Type 4,2021-12-09 06:53,2021-12-09 06:53,
360,PR0249,Type 1,2021-12-09 06:53,2021-12-09 06:53,
361,PR0249,Type 2,2021-12-09 06:53,2021-12-09 06:53,
362,PR0249,Type 3,2021-12-09 06:53,2021-12-09 06:53,
363,PR0249,Type 4,2021-12-09 06:53,2021-12-09 06:53,
364,PR0203,Type 1,2021-12-09 06:53,2021-12-09 06:53,
365,PR0203,Type 2,2021-12-09 06:53,2021-12-09 06:53,
366,PR0203,Type 3,2021-12-09 06:53,2021-12-09 06:53,
367,PR0153,Type 1,2021-12-09 06:53,2021-12-09 06:53,
368,PR0301,Type 1,2021-12-09 06:53,2021-12-09 06:53,
369,PR0301,Type 2,2021-12-09 06:53,2021-12-09 06:53,
370,PR0301,Type 3,2021-12-09 06:53,2021-12-09 06:53,
371,PR0301,Type 4,2021-12-09 06:53,2021-12-09 06:53,
372,PR0250,Type 1,2021-12-09 06:53,2021-12-09 06:53,
373,PR0250,Type 2,2021-12-09 06:53,2021-12-09 06:53,
374,PR0204,Type 1,2021-12-09 06:53,2021-12-09 06:53,
375,PR0204,Type 2,2021-12-09 06:53,2021-12-09 06:53,
376,PR0155,Type 1,2021-12-09 06:53,2021-12-09 06:53,
377,PR0155,Type 2,2021-12-09 06:53,2021-12-09 06:53,
378,PR0155,Type 3,2021-12-09 06:53,2021-12-09 06:53,
379,PR0155,Type 4,2021-12-09 06:53,2021-12-09 06:53,
380,PR0302,Type 1,2021-12-09 06:53,2021-12-09 06:53,
381,PR0251,Type 1,2021-12-09 06:53,2021-12-09 06:53,
382,PR0251,Type 2,2021-12-09 06:53,2021-12-09 06:53,
383,PR0251,Type 3,2021-12-09 06:53,2021-12-09 06:53,
384,PR0205,Type 1,2021-12-09 06:54,2021-12-09 06:54,
385,PR0156,Type 1,2021-12-09 06:54,2021-12-09 06:54,
386,PR0156,Type 2,2021-12-09 06:54,2021-12-09 06:54,
387,PR0156,Type 3,2021-12-09 06:54,2021-12-09 06:54,
388,PR0303,Type 1,2021-12-09 06:54,2021-12-09 06:54,
389,PR0252,Type 1,2021-12-09 06:54,2021-12-09 06:54,
390,PR0206,Type 1,2021-12-09 06:54,2021-12-09 06:54,
391,PR0157,Type 1,2021-12-09 06:54,2021-12-09 06:54,
392,PR0304,Type 1,2021-12-09 06:54,2021-12-09 06:54,
393,PR0304,Type 2,2021-12-09 06:54,2021-12-09 06:54,
394,PR0304,Type 3,2021-12-09 06:54,2021-12-09 06:54,
395,PR0253,Type 1,2021-12-09 06:54,2021-12-09 06:54,
396,PR0253,Type 2,2021-12-09 06:54,2021-12-09 06:54,
397,PR0253,Type 3,2021-12-09 06:54,2021-12-09 06:54,
398,PR0253,Type 4,2021-12-09 06:54,2021-12-09 06:54,
399,PR0207,Type 1,2021-12-09 06:54,2021-12-09 06:54,
400,PR0207,Type 2,2021-12-09 06:54,2021-12-09 06:54,
401,PR0207,Type 3,2021-12-09 06:54,2021-12-09 06:54,
402,PR0158,Type 1,2021-12-09 06:54,2021-12-09 06:54,
403,PR0158,Type 2,2021-12-09 06:54,2021-12-09 06:54,
404,PR0305,Type 1,2021-12-09 06:54,2021-12-09 06:54,
405,PR0305,Type 2,2021-12-09 06:54,2021-12-09 06:54,
406,PR0208,Type 1,2021-12-09 06:54,2021-12-09 06:54,
407,PR0208,Type 2,2021-12-09 06:54,2021-12-09 06:54,
408,PR0208,Type 3,2021-12-09 06:54,2021-12-09 06:54,
409,PR0159,Type 1,2021-12-09 06:54,2021-12-09 06:54,
410,PR0159,Type 2,2021-12-09 06:54,2021-12-09 06:54,
411,PR0108,Type 1,2021-12-09 06:54,2021-12-09 06:54,
412,PR0254,Double No Balcony,2021-12-09 06:54,2023-07-17 02:20,
413,PR0254,Twin,2021-12-09 06:55,2023-07-17 02:20,
414,PR0254,Twin Non Allocation,2021-12-09 06:55,2023-07-17 02:20,
415,PR0254,Double Non Allocation,2021-12-09 06:55,2023-07-17 02:20,
416,PR0209,Type 1,2021-12-09 06:55,2021-12-09 06:55,
417,PR0209,Type 2,2021-12-09 06:55,2021-12-09 06:55,
418,PR0209,Type 3,2021-12-09 06:55,2021-12-09 06:55,
419,PR0078,Type 1,2021-12-09 06:55,2021-12-09 06:55,
420,PR0078,Type 2,2021-12-09 06:55,2021-12-09 06:55,
421,PR0078,Type 3,2021-12-09 06:55,2021-12-09 06:55,
422,PR0109,Type 1,2021-12-09 06:55,2021-12-09 06:55,
423,PR0256,Type 1,2021-12-09 06:55,2021-12-09 06:55,
424,PR0256,Type 2,2021-12-09 06:55,2021-12-09 06:55,
425,PR0256,Type 3,2021-12-09 06:55,2021-12-09 06:55,
426,PR0211,Type 1,2021-12-09 06:55,2021-12-09 06:55,
427,PR0161,Type 1,2021-12-09 06:55,2021-12-09 06:55,
428,PR0161,Type 2,2021-12-09 06:55,2021-12-09 06:55,
429,PR0161,Type 3,2021-12-09 06:55,2021-12-09 06:55,
430,PR0161,Type 4,2021-12-09 06:55,2021-12-09 06:55,
431,PR0111,Type 1,2021-12-09 06:55,2021-12-09 06:55,
432,PR0258,Type 1,2021-12-09 06:55,2021-12-09 06:55,
433,PR0258,Type 2,2021-12-09 06:55,2021-12-09 06:55,
434,PR0258,Type 3,2021-12-09 06:55,2021-12-09 06:55,
435,PR0213,Type 1,2021-12-09 06:55,2021-12-09 06:55,
436,PR0213,Type 2,2021-12-09 06:55,2021-12-09 06:55,
437,PR0163,Type 1,2021-12-09 06:55,2021-12-09 06:55,
438,PR0163,Type 2,2021-12-09 06:55,2021-12-09 06:55,
439,PR0163,Type 3,2021-12-09 06:55,2021-12-09 06:55,
440,PR0113,Type 1,2021-12-09 06:55,2021-12-09 06:55,
441,PR0113,Type 2,2021-12-09 06:55,2021-12-09 06:55,
442,PR0113,Type 3,2021-12-09 06:55,2021-12-09 06:55,
443,PR0113,Type 4,2021-12-09 06:55,2021-12-09 06:55,
444,PR0260,Type 1,2021-12-09 06:55,2021-12-09 06:55,
445,PR0215,Type 1,2021-12-09 06:56,2021-12-09 06:56,
446,PR0215,Type 2,2021-12-09 06:56,2021-12-09 06:56,
447,PR0215,Type 3,2021-12-09 06:56,2021-12-09 06:56,
448,PR0215,Type 4,2021-12-09 06:56,2021-12-09 06:56,
449,PR0165,Type 1,2021-12-09 06:56,2021-12-09 06:56,
450,PR0165,Type 2,2021-12-09 06:56,2021-12-09 06:56,
451,PR0165,Type 3,2021-12-09 06:56,2021-12-09 06:56,
452,PR0165,Type 4,2021-12-09 06:56,2021-12-09 06:56,
453,PR0115,Lumbung,2021-12-09 06:56,2023-08-03 04:34,
454,PR0262,Type 1,2021-12-09 06:56,2021-12-09 06:56,
455,PR0262,Type 2,2021-12-09 06:56,2021-12-09 06:56,
456,PR0262,Type 3,2021-12-09 06:56,2021-12-09 06:56,
457,PR0217,Type 1,2021-12-09 06:56,2021-12-09 06:56,
458,PR0217,Type 2,2021-12-09 06:56,2021-12-09 06:56,
459,PR0217,Type 3,2021-12-09 06:56,2021-12-09 06:56,
460,PR0217,Type 4,2021-12-09 06:56,2021-12-09 06:56,
461,PR0167,Type 1,2021-12-09 06:56,2021-12-09 06:56,
462,PR0117,Type 1,2021-12-09 06:56,2021-12-09 06:56,
463,PR0264,Type 1,2021-12-09 06:56,2021-12-09 06:56,
464,PR0264,Type 2,2021-12-09 06:56,2021-12-09 06:56,
465,PR0264,Type 3,2021-12-09 06:56,2021-12-09 06:56,
466,PR0264,Type 4,2021-12-09 06:56,2021-12-09 06:56,
467,PR0219,Type 1,2021-12-09 06:56,2021-12-09 06:56,
468,PR0169,Type 1,2021-12-09 06:56,2021-12-09 06:56,
469,PR0119,Type 1,2021-12-09 06:56,2021-12-09 06:56,
470,PR0112,Villa Arindra,2021-12-09 06:56,2023-03-06 09:56,
471,PR0112,Type 2,2021-12-09 06:56,2023-03-04 06:21,2023-03-04 06:21
472,PR0112,Type 3,2021-12-09 06:56,2023-03-04 06:21,2023-03-04 06:21
473,PR0266,Type 1,2021-12-09 06:57,2021-12-09 06:57,
474,PR0221,Type 1,2021-12-09 06:57,2021-12-09 06:57,
475,PR0171,Type 1,2021-12-09 06:57,2021-12-09 06:57,
476,PR0121,Type 1,2021-12-09 06:57,2021-12-09 06:57,
477,PR0268,Type 1,2021-12-09 06:57,2021-12-09 06:57,
478,PR0268,Type 2,2021-12-09 06:57,2021-12-09 06:57,
479,PR0268,Type 3,2021-12-09 06:57,2021-12-09 06:57,
480,PR0223,Type 1,2021-12-09 06:57,2021-12-09 06:57,
481,PR0173,Type 1,2021-12-09 06:57,2021-12-09 06:57,
482,PR0123,Type 1,2021-12-09 06:57,2021-12-09 06:57,
483,PR0123,Type 2,2021-12-09 06:57,2021-12-09 06:57,
484,PR0123,Type 3,2021-12-09 06:57,2021-12-09 06:57,
485,PR0123,Type 4,2021-12-09 06:57,2021-12-09 06:57,
486,PR0270,Type 1,2021-12-09 06:57,2021-12-09 06:57,
487,PR0640,Type 1,2021-12-09 06:57,2021-12-09 06:57,
488,PR0640,Type 2,2021-12-09 06:57,2021-12-09 06:57,
489,PR0640,Type 3,2021-12-09 06:57,2021-12-09 06:57,
490,PR0640,Type 4,2021-12-09 06:57,2021-12-09 06:57,
491,PR0175,Type 1,2021-12-09 06:57,2021-12-09 06:57,
492,PR0125,Type 1,2021-12-09 06:57,2021-12-09 06:57,
493,PR0125,Type 2,2021-12-09 06:57,2021-12-09 06:57,
494,PR0272,Type 1,2021-12-09 06:57,2021-12-09 06:57,
495,PR0227,Type 1,2021-12-09 06:57,2021-12-09 06:57,
496,PR0177,Type 1,2021-12-09 06:57,2021-12-09 06:57,
497,PR0127,Type 1,2021-12-09 06:57,2021-12-09 06:57,
498,PR0103,Type 1,2021-12-09 06:57,2021-12-09 06:57,
499,PR0076,Type 1,2021-12-09 06:57,2021-12-09 06:57,
500,PR0076,Type 2,2021-12-09 06:57,2021-12-09 06:57,
501,PR0179,Type 1,2021-12-09 06:57,2021-12-09 06:57,
502,PR0101,Type 1,2021-12-09 06:57,2021-12-09 06:57,
503,PR0101,Type 2,2021-12-09 06:57,2021-12-09 06:57,
504,PR0275,Type 1,2021-12-09 06:57,2021-12-09 06:57,
505,PR0093,Villa Istana Willy,2021-12-09 06:57,2023-03-06 09:56,
506,PR0093,Type 2,2021-12-09 06:57,2023-03-04 06:21,2023-03-04 06:21
507,PR0313,Type 1,2021-12-09 06:57,2021-12-09 06:57,
508,PR0104,Villa Kama,2021-12-09 06:57,2023-11-15 09:56,
509,PR0104,Type 2,2021-12-09 06:58,2023-03-04 06:21,2023-03-04 06:21
510,PR0092,Villa Kanha,2021-12-09 06:58,2023-03-06 09:56,
511,PR0083,Type 1,2021-12-09 06:58,2021-12-09 06:58,
512,PR0182,Type 1,2021-12-09 06:58,2021-12-09 06:58,
513,PR0105,Type 1,2021-12-09 06:58,2021-12-09 06:58,
514,PR0080,Type 1,2021-12-09 06:58,2021-12-09 06:58,
515,PR0080,Type 2,2021-12-09 06:58,2021-12-09 06:58,
516,PR0080,Type 3,2021-12-09 06:58,2021-12-09 06:58,
517,PR0080,Type 4,2021-12-09 06:58,2021-12-09 06:58,
518,PR0107,Type 1,2021-12-09 06:58,2021-12-09 06:58,
519,PR0098,Villa Malindo,2021-12-09 06:58,2023-03-06 09:56,
520,PR0132,Type 1,2021-12-09 06:58,2021-12-09 06:58,
521,PR0091,Type 1,2021-12-09 06:58,2021-12-09 06:58,
522,PR0077,Type 1,2021-12-09 06:58,2021-12-09 06:58,
523,PR0077,Type 2,2021-12-09 06:58,2021-12-09 06:58,
524,PR0077,Type 3,2021-12-09 06:58,2021-12-09 06:58,
525,PR0077,Type 4,2021-12-09 06:58,2021-12-09 06:58,
526,PR0089,Type 1,2021-12-09 06:58,2021-12-09 06:58,
527,PR0089,Type 2,2021-12-09 06:58,2021-12-09 06:58,
528,PR0097,Type 1,2021-12-09 06:58,2021-12-09 06:58,
529,PR0097,Type 2,2021-12-09 06:58,2021-12-09 06:58,
530,PR0097,Type 3,2021-12-09 06:58,2021-12-09 06:58,
531,PR0097,Type 4,2021-12-09 06:58,2021-12-09 06:58,
532,PR0280,Type 1,2021-12-09 06:58,2021-12-09 06:58,
533,PR0099,Type 1,2021-12-09 06:58,2021-12-09 06:58,
534,PR0102,Type 1,2021-12-09 06:58,2021-12-09 06:58,
535,PR0102,Type 2,2021-12-09 06:58,2021-12-09 06:58,
536,PR0102,Type 3,2021-12-09 06:58,2021-12-09 06:58,
537,PR0102,Type 4,2021-12-09 06:58,2021-12-09 06:58,
538,PR0106,Type 1,2021-12-09 06:58,2021-12-09 06:58,
539,PR0106,Type 2,2021-12-09 06:58,2021-12-09 06:58,
540,PR0082,Type 1,2021-12-09 06:58,2021-12-09 06:58,
541,PR0082,Type 2,2021-12-09 06:58,2021-12-09 06:58,
542,PR0094,Type 1,2021-12-09 06:58,2021-12-09 06:58,
543,PR0090,Type 1,2021-12-09 06:59,2021-12-09 06:59,
544,PR0090,Type 2,2021-12-09 06:59,2021-12-09 06:59,
545,PR0187,Type 1,2021-12-09 06:59,2021-12-09 06:59,
546,PR0187,Type 2,2021-12-09 06:59,2021-12-09 06:59,
547,PR0187,Type 3,2021-12-09 06:59,2021-12-09 06:59,
548,PR0187,Type 4,2021-12-09 06:59,2021-12-09 06:59,
549,PR0136,Type 1,2021-12-09 06:59,2021-12-09 06:59,
550,PR0283,Type 1,2021-12-09 06:59,2021-12-09 06:59,
551,PR0095,Type 1,2021-12-09 06:59,2021-12-09 06:59,
552,PR0095,Type 2,2021-12-09 06:59,2021-12-09 06:59,
553,PR0095,Type 3,2021-12-09 06:59,2021-12-09 06:59,
554,PR0088,Villa Tortoise,2021-12-09 06:59,2023-11-30 15:12,
555,PR0088,Villa Tortoise - Room 1,2021-12-09 06:59,2023-11-30 15:12,
556,PR0096,Type 1,2021-12-09 06:59,2021-12-09 06:59,
557,PR0096,Type 2,2021-12-09 06:59,2021-12-09 06:59,
558,PR0285,Type 1,2021-12-09 06:59,2021-12-09 06:59,
559,PR0237,Type 1,2021-12-09 06:59,2021-12-09 06:59,
560,PR0087,Type 1,2021-12-09 06:59,2021-12-09 06:59,
561,PR0139,Type 1,2021-12-09 06:59,2021-12-09 06:59,
562,PR0287,Type 1,2021-12-09 06:59,2021-12-09 06:59,
563,PR0084,Type 1,2021-12-09 06:59,2021-12-09 06:59,
564,PR0084,Type 2,2021-12-09 06:59,2021-12-09 06:59,
565,PR0084,Type 3,2021-12-09 06:59,2021-12-09 06:59,
566,PR0084,Type 4,2021-12-09 06:59,2021-12-09 06:59,
567,PR0190,Type 1,2021-12-09 06:59,2021-12-09 06:59,
568,PR0100,Type 1,2021-12-09 06:59,2021-12-09 06:59,
569,PR0100,Type 2,2021-12-09 06:59,2021-12-09 06:59,
570,PR0100,Type 3,2021-12-09 06:59,2021-12-09 06:59,
571,PR0100,Type 4,2021-12-09 06:59,2021-12-09 06:59,
572,PR0086,Type 1,2021-12-09 06:59,2021-12-09 06:59,
573,PR0086,Type 2,2021-12-09 06:59,2021-12-09 06:59,
574,PR0086,Type 3,2021-12-09 06:59,2021-12-09 06:59,
575,PR0081,Yoga Searcher,2021-12-09 06:59,2023-03-06 09:56,
576,PR0075,Type 1,2021-12-09 06:59,2021-12-09 06:59,
577,PR0075,Type 2,2021-12-09 07:00,2021-12-09 07:00,
578,PR0074,Type 1,2021-12-09 07:00,2021-12-09 07:00,
579,PR0074,Type 2,2021-12-09 07:00,2021-12-09 07:00,
580,PR0073,Type 1,2021-12-09 07:00,2021-12-09 07:00,
581,PR0073,Type 2,2021-12-09 07:00,2021-12-09 07:00,
582,PR0073,Type 3,2021-12-09 07:00,2021-12-09 07:00,
583,PR0072,Type 1,2021-12-09 07:00,2021-12-09 07:00,
584,PR0072,Type 2,2021-12-09 07:00,2021-12-09 07:00,
585,PR0070,Type 1,2021-12-09 07:00,2021-12-09 07:00,
586,PR0070,Type 2,2021-12-09 07:00,2021-12-09 07:00,
587,PR0291,Type 1,2021-12-09 07:00,2021-12-09 07:00,
588,PR0291,Type 2,2021-12-09 07:00,2021-12-09 07:00,
589,PR0067,Type 1,2021-12-09 07:00,2021-12-09 07:00,
590,PR0066,Type 1,2021-12-09 07:00,2021-12-09 07:00,
591,PR0066,Type 2,2021-12-09 07:00,2021-12-09 07:00,
592,PR0085,Type 1,2021-12-09 07:00,2021-12-09 07:00,
593,PR0085,Type 2,2021-12-09 07:00,2021-12-09 07:00,
594,PR0085,Type 3,2021-12-09 07:00,2021-12-09 07:00,
595,PR0085,Type 4,2021-12-09 07:00,2021-12-09 07:00,
596,PR0063,Type 1,2021-12-09 07:00,2021-12-09 07:00,
597,PR0065,Type 1,2021-12-09 07:00,2021-12-09 07:00,
598,PR0065,Type 2,2021-12-09 07:00,2021-12-09 07:00,
599,PR0065,Type 3,2021-12-09 07:00,2021-12-09 07:00,
600,PR0065,Type 4,2021-12-09 07:00,2021-12-09 07:00,
601,PR0065,Type 5,2021-12-09 07:00,2021-12-09 07:00,
602,PR0195,Type 1,2021-12-09 07:00,2021-12-09 07:00,
603,PR0060,Type 1,2021-12-09 07:00,2021-12-09 07:00,
604,PR0057,Type 1,2021-12-09 07:00,2023-03-04 06:21,2023-03-04 06:21
605,PR0069,Type 1,2021-12-09 07:00,2021-12-09 07:00,
606,PR0069,Type 2,2021-12-09 07:00,2021-12-09 07:00,
607,PR0069,Type 3,2021-12-09 07:00,2021-12-09 07:00,
608,PR0069,Type 4,2021-12-09 07:00,2021-12-09 07:00,
609,PR0064,Type 1,2021-12-09 07:01,2021-12-09 07:01,
610,PR0055,Entire,2021-12-09 07:01,2023-03-06 09:56,
611,PR0059,Type 1,2021-12-09 07:01,2021-12-09 07:01,
612,PR0059,Type 2,2021-12-09 07:01,2021-12-09 07:01,
613,PR0059,Type 3,2021-12-09 07:01,2021-12-09 07:01,
614,PR0058,Type 1,2021-12-09 07:01,2021-12-09 07:01,
615,PR0058,Type 2,2021-12-09 07:01,2021-12-09 07:01,
616,PR0058,Type 3,2021-12-09 07:01,2021-12-09 07:01,
617,PR0058,Type 4,2021-12-09 07:01,2021-12-09 07:01,
618,PR0068,Type 1,2021-12-09 07:01,2021-12-09 07:01,
619,PR0068,Type 2,2021-12-09 07:01,2021-12-09 07:01,
620,PR0068,Type 3,2021-12-09 07:01,2021-12-09 07:01,
621,PR0056,Type 1,2021-12-09 07:01,2021-12-09 07:01,
622,PR0056,Type 2,2021-12-09 07:01,2021-12-09 07:01,
623,PR0056,Type 3,2021-12-09 07:01,2021-12-09 07:01,
624,PR0056,Type 4,2021-12-09 07:01,2021-12-09 07:01,
625,PR0384,Type 1,2021-12-09 07:01,2021-12-09 07:01,
626,PR0384,Type 2,2021-12-09 07:01,2021-12-09 07:01,
627,PR0061,Type 1,2021-12-09 07:01,2021-12-09 07:01,
628,PR0061,Type 2,2021-12-09 07:01,2021-12-09 07:01,
629,PR0054,Type 1,2021-12-09 07:01,2021-12-09 07:01,
630,PR0054,Type 2,2021-12-09 07:01,2021-12-09 07:01,
631,PR0050,Type 1,2021-12-09 07:01,2021-12-09 07:01,
632,PR0050,Type 2,2021-12-09 07:01,2021-12-09 07:01,
633,PR0050,Type 3,2021-12-09 07:01,2021-12-09 07:01,
634,PR0051,Entire,2021-12-09 07:01,2023-03-06 09:56,
635,PR0053,Type 1,2021-12-09 07:01,2021-12-09 07:01,
636,PR0053,Type 2,2021-12-09 07:01,2021-12-09 07:01,
637,PR0053,Type 3,2021-12-09 07:01,2021-12-09 07:01,
638,PR0053,Type 4,2021-12-09 07:01,2021-12-09 07:01,
639,PR0052,Downstairs/Upstairs,2021-12-09 07:01,2023-03-06 09:56,
640,PR0052,Type 2,2021-12-09 07:01,2023-03-04 06:21,2023-03-04 06:21
641,PR0049,Type 1,2021-12-09 07:02,2021-12-09 07:02,
642,PR0049,Type 2,2021-12-09 07:02,2021-12-09 07:02,
643,PR0049,Type 3,2021-12-09 07:02,2021-12-09 07:02,
644,PR0049,Type 4,2021-12-09 07:02,2021-12-09 07:02,
645,PR0048,Type 1,2021-12-09 07:02,2021-12-09 07:02,
646,PR0048,Type 2,2021-12-09 07:02,2021-12-09 07:02,
647,PR0047,Type 1,2021-12-09 07:02,2021-12-09 07:02,
648,PR0047,Type 2,2021-12-09 07:02,2021-12-09 07:02,
649,PR0047,Type 3,2021-12-09 07:02,2021-12-09 07:02,
650,PR0046,Type 1,2021-12-09 07:02,2021-12-09 07:02,
651,PR0046,Type 2,2021-12-09 07:02,2021-12-09 07:02,
652,PR0045,Type 1,2021-12-09 07:02,2021-12-09 07:02,
653,PR0045,Type 2,2021-12-09 07:02,2021-12-09 07:02,
654,PR0045,Type 3,2021-12-09 07:02,2021-12-09 07:02,
655,PR0045,Type 4,2021-12-09 07:02,2021-12-09 07:02,
656,PR0044,Type 1,2021-12-09 07:02,2021-12-09 07:02,
657,PR0044,Type 2,2021-12-09 07:02,2021-12-09 07:02,
658,PR0044,Type 3,2021-12-09 07:02,2021-12-09 07:02,
659,PR0044,Type 4,2021-12-09 07:02,2021-12-09 07:02,
660,PR0043,Type 1,2021-12-09 07:02,2021-12-09 07:02,
661,PR0043,Type 2,2021-12-09 07:02,2021-12-09 07:02,
662,PR0043,Type 3,2021-12-09 07:02,2021-12-09 07:02,
663,PR0043,Type 4,2021-12-09 07:02,2021-12-09 07:02,
664,PR0042,Type 1,2021-12-09 07:02,2021-12-09 07:02,
665,PR0042,Type 2,2021-12-09 07:02,2021-12-09 07:02,
666,PR0038,Type 1,2021-12-09 07:02,2021-12-09 07:02,
667,PR0038,Type 2,2021-12-09 07:02,2021-12-09 07:02,
668,PR0038,Type 3,2021-12-09 07:02,2021-12-09 07:02,
669,PR0038,Type 4,2021-12-09 07:02,2021-12-09 07:02,
670,PR0041,Type 1,2021-12-09 07:02,2021-12-09 07:02,
671,PR0035,Type 1,2021-12-09 07:02,2021-12-09 07:02,
672,PR0035,Type 2,2021-12-09 07:03,2021-12-09 07:03,
673,PR0035,Type 3,2021-12-09 07:03,2021-12-09 07:03,
674,PR0035,Type 4,2021-12-09 07:03,2021-12-09 07:03,
675,PR0034,Type 1,2021-12-09 07:03,2021-12-09 07:03,
676,PR0034,Type 2,2021-12-09 07:03,2021-12-09 07:03,
677,PR0034,Type 3,2021-12-09 07:03,2021-12-09 07:03,
678,PR0033,Type 1,2021-12-09 07:03,2021-12-09 07:03,
679,PR0033,Type 2,2021-12-09 07:03,2021-12-09 07:03,
680,PR0032,Type 1,2021-12-09 07:03,2021-12-09 07:03,
681,PR0032,Type 2,2021-12-09 07:03,2021-12-09 07:03,
682,PR0032,Type 3,2021-12-09 07:03,2021-12-09 07:03,
683,PR0030,Type 1,2021-12-09 07:03,2021-12-09 07:03,
684,PR0029,Type 1,2021-12-09 07:03,2021-12-09 07:03,
685,PR0019,Type 1,2021-12-09 07:03,2021-12-09 07:03,
686,PR0018,Type 1,2021-12-09 07:03,2021-12-09 07:03,
687,PR0018,Type 2,2021-12-09 07:03,2021-12-09 07:03,
688,PR0018,Type 3,2021-12-09 07:03,2021-12-09 07:03,
689,PR0021,Type 1,2021-12-09 07:03,2021-12-09 07:03,
690,PR0021,Type 2,2021-12-09 07:03,2021-12-09 07:03,
691,PR0021,Type 3,2021-12-09 07:03,2021-12-09 07:03,
692,PR0021,Type 4,2021-12-09 07:03,2021-12-09 07:03,
693,PR0021,Type 5,2021-12-09 07:03,2021-12-09 07:03,
694,PR0020,Type 1,2021-12-09 07:03,2021-12-09 07:03,
695,PR0020,Type 2,2021-12-09 07:03,2021-12-09 07:03,
696,PR0020,Type 3,2021-12-09 07:03,2021-12-09 07:03,
697,PR0020,Type 4,2021-12-09 07:03,2021-12-09 07:03,
698,PR0016,Type 1,2021-12-09 07:03,2021-12-09 07:03,
699,PR0016,Type 2,2021-12-09 07:03,2021-12-09 07:03,
700,PR0012,Type 1,2021-12-09 07:03,2021-12-09 07:03,
701,PR0009,Type 1,2021-12-09 07:03,2021-12-09 07:03,
702,PR0009,Type 2,2021-12-09 07:03,2021-12-09 07:03,
703,PR0008,Type 1,2021-12-09 07:03,2021-12-09 07:03,
704,PR0008,Type 2,2021-12-09 07:04,2021-12-09 07:04,
705,PR0008,Type 3,2021-12-09 07:04,2021-12-09 07:04,
706,PR0007,Type 1,2021-12-09 07:04,2021-12-09 07:04,
707,PR0007,Type 2,2021-12-09 07:04,2021-12-09 07:04,
708,PR0007,Type 3,2021-12-09 07:04,2021-12-09 07:04,
709,PR0007,Type 4,2021-12-09 07:04,2021-12-09 07:04,
710,PR0001,Type 1,2021-12-09 07:04,2021-12-09 07:04,
711,PR0001,Type 2,2021-12-09 07:04,2021-12-09 07:04,
712,PR0152,Type 1,2021-12-09 07:04,2021-12-09 07:04,
713,PR0308,Type 1,2021-12-09 07:04,2021-12-09 07:04,
714,PR0308,Type 2,2021-12-09 07:04,2021-12-09 07:04,
715,PR0308,Type 3,2021-12-09 07:04,2021-12-09 07:04,
716,PR0309,Type 1,2021-12-09 07:04,2021-12-09 07:04,
717,PR0309,Type 2,2021-12-09 07:04,2021-12-09 07:04,
718,PR0309,Type 3,2021-12-09 07:04,2021-12-09 07:04,
719,PR0310,Type 1,2021-12-09 07:04,2021-12-09 07:04,
720,PR0310,Type 2,2021-12-09 07:04,2021-12-09 07:04,
721,PR0310,Type 3,2021-12-09 07:04,2021-12-09 07:04,
722,PR0311,Type 1,2021-12-09 07:04,2021-12-09 07:04,
723,PR0311,Type 2,2021-12-09 07:04,2021-12-09 07:04,
724,PR0311,Type 3,2021-12-09 07:04,2021-12-09 07:04,
725,PR0312,Type 1,2021-12-09 07:04,2021-12-09 07:04,
726,PR0312,Type 2,2021-12-09 07:04,2021-12-09 07:04,
727,PR0312,Type 3,2021-12-09 07:04,2021-12-09 07:04,
728,PR0312,Type 4,2021-12-09 07:04,2021-12-09 07:04,
729,PR0314,Wooden,2021-12-09 07:04,2023-03-06 10:08,
730,PR0314,Standard,2021-12-09 07:04,2023-03-06 10:08,
731,PR0316,Type 1,2021-12-09 07:04,2021-12-09 07:04,
732,PR0317,Type 1,2021-12-09 07:04,2021-12-09 07:04,
733,PR0317,Type 2,2021-12-09 07:04,2021-12-09 07:04,
734,PR0318,Type 1,2021-12-09 07:05,2021-12-09 07:05,
735,PR0321,Type 1,2021-12-09 07:05,2021-12-09 07:05,
736,PR0323,Type 1,2021-12-09 07:05,2021-12-09 07:05,
737,PR0323,Type 2,2021-12-09 07:05,2021-12-09 07:05,
738,PR0325,Type 1,2021-12-09 07:05,2021-12-09 07:05,
739,PR0326,Type 1,2021-12-09 07:05,2021-12-09 07:05,
740,PR0327,Type 1,2021-12-09 07:05,2021-12-09 07:05,
741,PR0327,Type 2,2021-12-09 07:05,2021-12-09 07:05,
742,PR0327,Type 3,2021-12-09 07:05,2021-12-09 07:05,
743,PR0328,Type 1,2021-12-09 07:05,2021-12-09 07:05,
744,PR0328,Type 2,2021-12-09 07:05,2021-12-09 07:05,
745,PR0329,Type 1,2021-12-09 07:05,2021-12-09 07:05,
746,PR0331,Type 1,2021-12-09 07:05,2021-12-09 07:05,
747,PR0332,Type 1,2021-12-09 07:05,2021-12-09 07:05,
748,PR0332,Type 2,2021-12-09 07:05,2021-12-09 07:05,
749,PR0332,Type 3,2021-12-09 07:05,2021-12-09 07:05,
750,PR0332,Type 4,2021-12-09 07:05,2021-12-09 07:05,
751,PR0333,Type 1,2021-12-09 07:05,2021-12-09 07:05,
752,PR0333,Type 2,2021-12-09 07:05,2021-12-09 07:05,
753,PR0333,Type 3,2021-12-09 07:05,2021-12-09 07:05,
754,PR0334,Type 1,2021-12-09 07:05,2021-12-09 07:05,
755,PR0335,Type 1,2021-12-09 07:05,2021-12-09 07:05,
756,PR0335,Type 2,2021-12-09 07:05,2021-12-09 07:05,
757,PR0335,Type 3,2021-12-09 07:05,2021-12-09 07:05,
758,PR0335,Type 4,2021-12-09 07:05,2021-12-09 07:05,
759,PR0336,Type 1,2021-12-09 07:05,2021-12-09 07:05,
760,PR0336,Type 2,2021-12-09 07:05,2021-12-09 07:05,
761,PR0336,Type 3,2021-12-09 07:05,2021-12-09 07:05,
762,PR0337,Type 1,2021-12-09 07:05,2021-12-09 07:05,
763,PR0337,Type 2,2021-12-09 07:05,2021-12-09 07:05,
764,PR0339,Bigger Type,2021-12-09 07:06,2023-03-07 10:10,
765,PR0340,Single,2021-12-09 07:06,2023-03-06 09:56,
766,PR0340,Type 2,2021-12-09 07:06,2023-03-04 06:21,2023-03-04 06:21
767,PR0340,Type 3,2021-12-09 07:06,2023-03-04 06:21,2023-03-04 06:21
768,PR0341,Type 1,2021-12-09 07:06,2021-12-09 07:06,
769,PR0341,Type 2,2021-12-09 07:06,2021-12-09 07:06,
770,PR0341,Type 3,2021-12-09 07:06,2021-12-09 07:06,
771,PR0342,Type 1,2021-12-09 07:06,2021-12-09 07:06,
772,PR0342,Type 2,2021-12-09 07:06,2021-12-09 07:06,
773,PR0342,Type 3,2021-12-09 07:06,2021-12-09 07:06,
774,PR0342,Type 4,2021-12-09 07:06,2021-12-09 07:06,
775,PR0343,Type 1,2021-12-09 07:06,2021-12-09 07:06,
776,PR0343,Type 2,2021-12-09 07:06,2021-12-09 07:06,
777,PR0344,Type 1,2021-12-09 07:06,2021-12-09 07:06,
778,PR0345,Bungalow Double,2021-12-09 07:06,2023-03-07 10:10,
779,PR0346,Type 1,2021-12-09 07:06,2021-12-09 07:06,
780,PR0346,Type 2,2021-12-09 07:06,2021-12-09 07:06,
781,PR0346,Type 3,2021-12-09 07:06,2021-12-09 07:06,
782,PR0346,Type 4,2021-12-09 07:06,2021-12-09 07:06,
783,PR0348,Type 1,2021-12-09 07:06,2021-12-09 07:06,
784,PR0349,Type 1,2021-12-09 07:06,2021-12-09 07:06,
785,PR0349,Type 2,2021-12-09 07:06,2021-12-09 07:06,
786,PR0349,Type 3,2021-12-09 07:06,2021-12-09 07:06,
787,PR0349,Type 4,2021-12-09 07:06,2021-12-09 07:06,
788,PR0350,Type 1,2021-12-09 07:06,2021-12-09 07:06,
789,PR0351,Type 1,2021-12-09 07:06,2021-12-09 07:06,
790,PR0351,Type 2,2021-12-09 07:06,2021-12-09 07:06,
791,PR0351,Type 3,2021-12-09 07:06,2021-12-09 07:06,
792,PR0353,Type 1,2021-12-09 07:06,2021-12-09 07:06,
793,PR0354,5BR Villa,2021-12-09 07:06,2023-03-06 09:56,
794,PR0354,Type 2,2021-12-09 07:07,2023-03-04 06:21,2023-03-04 06:21
795,PR0355,Entire,2021-12-09 07:07,2023-03-06 09:56,
796,PR0356,Type 1,2021-12-09 07:07,2021-12-09 07:07,
797,PR0357,Type 1,2021-12-09 07:07,2021-12-09 07:07,
798,PR0358,Type 1,2021-12-09 07:07,2021-12-09 07:07,
799,PR0359,Type 1,2021-12-09 07:07,2021-12-09 07:07,
800,PR0359,Type 2,2021-12-09 07:07,2021-12-09 07:07,
801,PR0359,Type 3,2021-12-09 07:07,2021-12-09 07:07,
802,PR0359,Type 4,2021-12-09 07:07,2021-12-09 07:07,
803,PR0360,Type 1,2021-12-09 07:07,2021-12-09 07:07,
804,PR0360,Type 2,2021-12-09 07:07,2021-12-09 07:07,
805,PR0361,Type 1,2021-12-09 07:07,2021-12-09 07:07,
806,PR0362,Type 1,2021-12-09 07:07,2021-12-09 07:07,
807,PR0362,Type 2,2021-12-09 07:07,2021-12-09 07:07,
808,PR0362,Type 3,2021-12-09 07:07,2021-12-09 07:07,
809,PR0363,Type 1,2021-12-09 07:07,2023-03-04 06:21,2023-03-04 06:21
810,PR0363,Type 2,2021-12-09 07:07,2023-03-04 06:21,2023-03-04 06:21
811,PR0364,Type 1,2021-12-09 07:07,2021-12-09 07:07,
812,PR0365,Type 1,2021-12-09 07:07,2021-12-09 07:07,
813,PR0365,Type 2,2021-12-09 07:07,2021-12-09 07:07,
814,PR0365,Type 3,2021-12-09 07:07,2021-12-09 07:07,
815,PR0365,Type 4,2021-12-09 07:07,2021-12-09 07:07,
816,PR0366,Room,2021-12-09 07:07,2023-03-06 09:56,
817,PR0367,Type 1,2021-12-09 07:07,2021-12-09 07:07,
818,PR0368,Type 1,2021-12-09 07:07,2021-12-09 07:07,
819,PR0368,Type 2,2021-12-09 07:07,2021-12-09 07:07,
820,PR0369,Type 1,2021-12-09 07:07,2021-12-09 07:07,
821,PR0369,Type 2,2021-12-09 07:07,2021-12-09 07:07,
822,PR0370,Entire,2021-12-09 07:07,2023-03-06 09:56,
823,PR0371,Superior Twin,2021-12-09 07:07,2023-03-07 10:10,
824,PR0372,Type 1,2021-12-09 07:07,2021-12-09 07:07,
825,PR0374,Type 1,2021-12-09 07:08,2021-12-09 07:08,
826,PR0375,Type 1,2021-12-09 07:08,2021-12-09 07:08,
827,PR0330,Type 1,2021-12-09 07:08,2021-12-09 07:08,
828,PR0376,Type 1,2021-12-09 07:08,2021-12-09 07:08,
829,PR0377,Type 1,2021-12-09 07:08,2021-12-09 07:08,
830,PR0377,Type 2,2021-12-09 07:08,2021-12-09 07:08,
831,PR0377,Type 3,2021-12-09 07:08,2021-12-09 07:08,
832,PR0379,Type 1,2021-12-09 07:08,2021-12-09 07:08,
833,PR0379,Type 2,2021-12-09 07:08,2021-12-09 07:08,
834,PR0379,Type 3,2021-12-09 07:08,2021-12-09 07:08,
835,PR0380,Type 1,2021-12-09 07:08,2021-12-09 07:08,
836,PR0380,Type 2,2021-12-09 07:08,2021-12-09 07:08,
837,PR0381,Type 1,2021-12-09 07:08,2021-12-09 07:08,
838,PR0381,Type 2,2021-12-09 07:08,2021-12-09 07:08,
839,PR0373,Villa Olel - Suite 1,2021-12-09 07:08,2023-03-06 09:56,
840,PR0373,Villa Olel - Suite 3,2021-12-09 07:08,2023-03-07 10:10,
841,PR0383,Twin,2021-12-09 07:08,2023-03-06 08:59,
842,PR0383,Double,2021-12-09 07:08,2023-03-06 08:59,
843,PR0383,Type 3,2021-12-09 07:08,2023-03-04 06:21,2023-03-04 06:21
844,PR0383,Type 4,2021-12-09 07:08,2023-03-04 06:21,2023-03-04 06:21
845,PR0385,Type 1,2021-12-09 07:08,2022-08-13 04:47,
846,PR0386,Type 1,2021-12-09 07:08,2021-12-09 07:08,
847,PR0386,Type 2,2021-12-09 07:08,2021-12-09 07:08,
848,PR0390,Type 1,2021-12-09 07:08,2021-12-09 07:08,
849,PR0390,Type 2,2021-12-09 07:08,2021-12-09 07:08,
850,PR0390,Type 3,2021-12-09 07:08,2021-12-09 07:08,
851,PR0390,Type 4,2021-12-09 07:08,2021-12-09 07:08,
852,PR0387,Entire,2021-12-09 07:08,2023-03-06 09:56,
853,PR0391,Type 1,2021-12-09 07:08,2021-12-09 07:08,
854,PR0391,Type 2,2021-12-09 07:09,2021-12-09 07:09,
855,PR0391,Type 3,2021-12-09 07:09,2021-12-09 07:09,
856,PR0391,Type 4,2021-12-09 07:09,2021-12-09 07:09,
857,PR0392,Type 1,2021-12-09 07:09,2021-12-09 07:09,
858,PR0392,Type 2,2021-12-09 07:09,2021-12-09 07:09,
859,PR0392,Type 3,2021-12-09 07:09,2021-12-09 07:09,
860,PR0392,Type 4,2021-12-09 07:09,2021-12-09 07:09,
861,PR0393,Type 1,2021-12-09 07:09,2021-12-09 07:09,
862,PR0394,Type 1,2021-12-09 07:09,2021-12-09 07:09,
863,PR0395,Apartment City View,2021-12-09 07:09,2023-03-07 10:10,
864,PR0396,Type 1,2021-12-09 07:09,2021-12-09 07:09,
865,PR0396,Type 2,2021-12-09 07:09,2021-12-09 07:09,
866,PR0396,Type 3,2021-12-09 07:09,2021-12-09 07:09,
867,PR0397,Raja Surga Ubud,2021-12-09 07:09,2023-03-06 09:56,
868,PR0398,Room,2021-12-09 07:09,2023-03-06 09:56,
869,PR0398,Type 2,2021-12-09 07:09,2023-03-04 06:21,2023-03-04 06:21
870,PR0399,Type 1,2021-12-09 07:09,2021-12-09 07:09,
871,PR0399,Type 2,2021-12-09 07:09,2021-12-09 07:09,
872,PR0400,Bungalow,2021-12-09 07:09,2023-03-06 09:56,
873,PR0400,Type 2,2021-12-09 07:09,2023-03-04 06:21,2023-03-04 06:21
874,PR0401,Type 1,2021-12-09 07:09,2021-12-09 07:09,
875,PR0401,Type 2,2021-12-09 07:09,2021-12-09 07:09,
876,PR0402,Type 1,2021-12-09 07:09,2021-12-09 07:09,
877,PR0403,Type 1,2021-12-09 07:09,2021-12-09 07:09,
878,PR0404,Kamisama Joglo,2021-12-09 07:09,2023-03-07 10:10,
879,PR0404,Joglo Small,2021-12-09 07:09,2023-03-07 10:10,
880,PR0406,Type 1,2021-12-09 07:09,2021-12-09 07:09,
881,PR0407,Type 1,2021-12-09 07:09,2021-12-09 07:09,
882,PR0683,Type 1,2021-12-09 07:09,2021-12-09 07:09,
883,PR0683,Type 2,2021-12-09 07:09,2021-12-09 07:09,
884,PR0409,Sunrise House - GV,2021-12-09 07:09,2023-03-06 09:56,
885,PR0410,Type 1,2021-12-09 07:10,2021-12-09 07:10,
886,PR0410,Type 2,2021-12-09 07:10,2021-12-09 07:10,
887,PR0410,Type 3,2021-12-09 07:10,2021-12-09 07:10,
888,PR0410,Type 4,2021-12-09 07:10,2021-12-09 07:10,
889,PR0411,Type 1,2021-12-09 07:10,2021-12-09 07:10,
890,PR0411,Type 2,2021-12-09 07:10,2021-12-09 07:10,
891,PR0411,Type 3,2021-12-09 07:10,2021-12-09 07:10,
892,PR0412,Entire,2021-12-09 07:10,2023-03-06 09:56,
893,PR0413,Type 1,2021-12-09 07:10,2021-12-09 07:10,
894,PR0413,Type 2,2021-12-09 07:10,2021-12-09 07:10,
895,PR0414,Type 1,2021-12-09 07:10,2021-12-09 07:10,
896,PR0414,Type 2,2021-12-09 07:10,2021-12-09 07:10,
897,PR0415,Type 1,2021-12-09 07:10,2021-12-09 07:10,
898,PR0415,Type 2,2021-12-09 07:10,2021-12-09 07:10,
899,PR0416,Type 1,2021-12-09 07:10,2021-12-09 07:10,
900,PR0416,Type 2,2021-12-09 07:10,2021-12-09 07:10,
901,PR0417,3BR Villa 3,2021-12-09 07:10,2024-05-15 04:00,
902,PR0417,Type 2,2021-12-09 07:10,2023-03-04 06:21,2023-03-04 06:21
903,PR0418,Type 1,2021-12-09 07:10,2021-12-09 07:10,
904,PR0418,Type 2,2021-12-09 07:10,2021-12-09 07:10,
905,PR0418,Type 3,2021-12-09 07:10,2021-12-09 07:10,
906,PR0419,Room,2021-12-09 07:10,2023-03-06 09:56,
907,PR0420,Type 1,2021-12-09 07:10,2021-12-09 07:10,
908,PR0421,Type 1,2021-12-09 07:10,2021-12-09 07:10,
909,PR0421,Type 2,2021-12-09 07:10,2021-12-09 07:10,
910,PR0422,Type 1,2021-12-09 07:10,2021-12-09 07:10,
911,PR0422,Type 2,2021-12-09 07:10,2021-12-09 07:10,
912,PR0423,Lumbung,2021-12-09 07:10,2023-03-07 10:10,
913,PR0424,Whole,2021-12-09 07:10,2023-03-06 09:56,
914,PR0424,Type 2,2021-12-09 07:10,2023-03-04 06:21,2023-03-04 06:21
915,PR0425,Type 1,2021-12-09 07:10,2021-12-09 07:10,
916,PR0426,Type 1,2021-12-09 07:10,2021-12-09 07:10,
917,PR0427,Bungalow (Allocation),2021-12-09 07:11,2023-06-06 09:42,
918,PR0429,Type 1,2021-12-09 07:11,2021-12-09 07:11,
919,PR0432,Entire,2021-12-09 07:11,2023-03-06 09:56,
920,PR0433,Type 1,2021-12-09 07:11,2021-12-09 07:11,
921,PR0433,Type 2,2021-12-09 07:11,2021-12-09 07:11,
922,PR0433,Type 3,2021-12-09 07:11,2021-12-09 07:11,
923,PR0435,Entire House 4BR,2021-12-09 07:11,2023-03-06 09:56,
924,PR0437,Type 1,2021-12-09 07:11,2021-12-09 07:11,
925,PR0438,Type 1,2021-12-09 07:11,2021-12-09 07:11,
926,PR0440,Type 1,2021-12-09 07:11,2021-12-09 07:11,
927,PR0442,Twin,2021-12-09 07:11,2023-03-07 10:10,
928,PR0434,Type 1,2021-12-09 07:11,2021-12-09 07:11,
929,PR0434,Type 2,2021-12-09 07:11,2021-12-09 07:11,
930,PR0434,Type 3,2021-12-09 07:11,2021-12-09 07:11,
931,PR0434,Type 4,2021-12-09 07:11,2021-12-09 07:11,
932,PR0446,Type 1,2021-12-09 07:11,2021-12-09 07:11,
933,PR0446,Type 2,2021-12-09 07:11,2021-12-09 07:11,
934,PR0447,Bungalow,2021-12-09 07:11,2023-03-06 09:56,
935,PR0448,Type 1,2021-12-09 07:11,2021-12-09 07:11,
936,PR0449,Type 1,2021-12-09 07:11,2021-12-09 07:11,
937,PR0450,Type 1,2021-12-09 07:11,2021-12-09 07:11,
938,PR0455,Type 1,2021-12-09 07:11,2021-12-09 07:11,
939,PR0455,Type 2,2021-12-09 07:11,2021-12-09 07:11,
940,PR0455,Type 3,2021-12-09 07:11,2021-12-09 07:11,
941,PR0453,Entire House,2021-12-09 07:11,2023-03-06 09:56,
942,PR0460,Villa Damuh,2021-12-09 07:11,2023-03-06 09:56,
943,PR0464,Type 1,2021-12-09 07:11,2021-12-09 07:11,
944,PR0465,Type 1,2021-12-09 07:11,2021-12-09 07:11,
945,PR0465,Type 2,2021-12-09 07:12,2021-12-09 07:12,
946,PR0465,Type 3,2021-12-09 07:12,2021-12-09 07:12,
947,PR0465,Type 4,2021-12-09 07:12,2021-12-09 07:12,
948,PR0465,Type 5,2021-12-09 07:12,2021-12-09 07:12,
949,PR0467,Downstairs/Upstairs,2021-12-09 07:12,2023-03-06 09:56,
950,PR0467,Type 2,2021-12-09 07:12,2023-03-04 06:21,2023-03-04 06:21
951,PR0474,Raka Rai Villa,2021-12-09 07:12,2023-03-06 09:56,
952,PR0475,Standard,2021-12-09 07:12,2023-03-07 10:10,
953,PR0477,Type 1,2021-12-09 07:12,2021-12-09 07:12,
954,PR0485,Uluwatu Kayana Bungalows,2021-12-09 07:12,2023-03-06 09:56,
955,PR0486,Pondok Nini Villa,2021-12-09 07:12,2023-03-06 09:56,
956,PR0487,Type 1,2021-12-09 07:12,2021-12-09 07:12,
957,PR0489,Type 1,2021-12-09 07:12,2021-12-09 07:12,
958,PR0488,Type 1,2021-12-09 07:12,2021-12-09 07:12,
959,PR0488,Type 2,2021-12-09 07:12,2021-12-09 07:12,
960,PR0488,Type 3,2021-12-09 07:12,2021-12-09 07:12,
961,PR0494,Type 1,2021-12-09 07:12,2023-03-04 06:21,2023-03-04 06:21
962,PR0493,Type 1,2021-12-09 07:12,2021-12-09 07:12,
963,PR0493,Type 2,2021-12-09 07:12,2021-12-09 07:12,
964,PR0497,Type 1,2021-12-09 07:12,2022-08-04 08:04,
965,PR0497,Type 2,2021-12-09 07:12,2022-08-04 08:04,2022-08-04 08:04
966,PR0497,Type 3,2021-12-09 07:12,2022-08-04 08:04,2022-08-04 08:04
967,PR0499,Type 1,2021-12-09 07:12,2021-12-09 07:12,
968,PR0499,Type 2,2021-12-09 07:12,2021-12-09 07:12,
969,PR0499,Type 3,2021-12-09 07:12,2021-12-09 07:12,
970,PR0492,Amazon GH,2021-12-09 07:12,2023-03-06 09:56,
971,PR0492,Type 2,2021-12-09 07:12,2023-03-04 06:21,2023-03-04 06:21
972,PR0492,Type 3,2021-12-09 07:12,2023-03-04 06:21,2023-03-04 06:21
973,PR0500,Blu Apsara,2021-12-09 07:12,2023-03-06 09:56,
974,PR0500,Type 2,2021-12-09 07:12,2023-03-04 06:21,2023-03-04 06:21
975,PR0502,Room,2021-12-09 07:13,2023-03-06 09:56,
976,PR0502,Type 2,2021-12-09 07:13,2023-03-04 06:21,2023-03-04 06:21
977,PR0498,Type 1,2021-12-09 07:13,2021-12-09 07:13,
978,PR0498,Type 2,2021-12-09 07:13,2021-12-09 07:13,
979,PR0498,Type 3,2021-12-09 07:13,2021-12-09 07:13,
980,PR0508,Type 1,2021-12-09 07:13,2021-12-09 07:13,
981,PR0508,Type 2,2021-12-09 07:13,2021-12-09 07:13,
982,PR0508,Type 3,2021-12-09 07:13,2021-12-09 07:13,
983,PR0508,Type 4,2021-12-09 07:13,2021-12-09 07:13,
984,PR0504,Type 1,2021-12-09 07:13,2021-12-09 07:13,
985,PR0512,Rumah Taman Kutuh,2021-12-09 07:13,2023-03-06 09:56,
986,PR0510,Kencana Homestay,2021-12-09 07:13,2023-03-06 09:56,
987,PR0513,Asri Village,2021-12-09 07:13,2023-03-06 09:56,
988,PR0517,Type 1,2021-12-09 07:13,2021-12-09 07:13,
989,PR0517,Type 2,2021-12-09 07:13,2021-12-09 07:13,
990,PR0515,Type 1,2021-12-09 07:13,2021-12-09 07:13,
991,PR0515,Type 2,2021-12-09 07:13,2021-12-09 07:13,
992,PR0516,Type 1,2021-12-09 07:13,2021-12-09 07:13,
993,PR0516,Type 2,2021-12-09 07:13,2021-12-09 07:13,
994,PR0516,Type 3,2021-12-09 07:13,2021-12-09 07:13,
995,PR0516,Type 4,2021-12-09 07:13,2021-12-09 07:13,
996,PR0516,Type 5,2021-12-09 07:13,2021-12-09 07:13,
997,PR0519,Lumbung,2021-12-09 07:13,2023-03-07 10:10,
998,PR0529,Villa Belle-Isle,2021-12-09 07:13,2023-03-06 09:56,
999,PR0528,Pondok Dahayu 4BR,2021-12-09 07:13,2023-03-06 09:56,
1000,PR0536,Type 1,2021-12-09 07:13,2021-12-09 07:13,
1001,PR0545,Type 1,2021-12-09 07:13,2021-12-09 07:13,
1002,PR0518,Standard,2021-12-09 07:13,2023-05-04 05:37,
1003,PR0518,Deluxe,2021-12-09 07:14,2023-05-04 05:37,
1004,PR0546,Type 1,2021-12-09 07:14,2021-12-09 07:14,
1005,PR0547,Type 1,2021-12-09 07:14,2021-12-09 07:14,
1006,PR0544,Type 1,2021-12-09 07:14,2021-12-09 07:14,
1007,PR0544,Type 2,2021-12-09 07:14,2021-12-09 07:14,
1008,PR0560,Type 1,2021-12-09 07:14,2021-12-09 07:14,
1009,PR0562,Type 1,2021-12-09 07:14,2021-12-09 07:14,
1010,PR0562,Type 2,2021-12-09 07:14,2021-12-09 07:14,
1011,PR0563,Type 1,2021-12-09 07:14,2021-12-09 07:14,
1012,PR0563,Type 2,2021-12-09 07:14,2021-12-09 07:14,
1013,PR0564,Type 1,2021-12-09 07:14,2021-12-09 07:14,
1014,PR0553,Entire,2021-12-09 07:14,2023-03-06 09:56,
1015,PR0553,Type 2,2021-12-09 07:14,2023-03-04 06:21,2023-03-04 06:21
1016,PR0566,Type 1,2021-12-09 07:14,2021-12-09 07:14,
1017,PR0554,Standard,2021-12-09 07:14,2023-12-01 02:28,
1018,PR0570,Type 1,2021-12-09 07:14,2021-12-09 07:14,
1019,PR0568,Type 1,2021-12-09 07:14,2021-12-09 07:14,
1020,PR0576,Type 1,2021-12-09 07:14,2021-12-09 07:14,
1021,PR0577,Type 1,2021-12-09 07:14,2021-12-09 07:14,
1022,PR0582,Type 1,2021-12-09 07:14,2021-12-09 07:14,
1023,PR0582,Type 2,2021-12-09 07:14,2021-12-09 07:14,
1024,PR0592,Unit,2021-12-09 07:14,2022-03-19 06:08,
1025,PR0594,Type 1,2021-12-09 07:14,2021-12-09 07:14,
1026,PR0594,Type 2,2021-12-09 07:14,2021-12-09 07:14,
1027,PR0575,Double,2021-12-09 07:14,2023-06-28 07:18,
1028,PR0575,Type 2,2021-12-09 07:14,2023-03-04 06:21,2023-03-04 06:21
1029,PR0593,Type 1,2021-12-09 07:14,2021-12-09 07:14,
1030,PR0601,Type 1,2021-12-09 07:14,2021-12-09 07:14,
1031,PR0601,Type 2,2021-12-09 07:14,2021-12-09 07:14,
1032,PR0595,Type 1,2021-12-09 07:14,2021-12-09 07:14,
1033,PR0599,Type 1,2021-12-09 07:14,2021-12-09 07:14,
1034,PR0591,Type 1,2021-12-09 07:15,2021-12-09 07:15,
1035,PR0597,1BR Villa,2021-12-09 07:15,2023-03-06 09:56,
1036,PR0637,Me Villa Kayu Tulang,2021-12-09 07:15,2023-03-06 09:56,
1037,PR0618,Type 1,2021-12-09 07:15,2021-12-09 07:15,
1038,PR0618,Type 2,2021-12-09 07:15,2021-12-09 07:15,
1039,PR0618,Type 3,2021-12-09 07:15,2021-12-09 07:15,
1040,PR0623,Type 1,2021-12-09 07:15,2021-12-09 07:15,
1041,PR0622,Type 1,2021-12-09 07:15,2021-12-09 07:15,
1042,PR0635,Type 1,2021-12-09 07:15,2021-12-09 07:15,
1043,PR0607,Type 1,2021-12-09 07:15,2021-12-09 07:15,
1044,PR0607,Type 2,2021-12-09 07:15,2021-12-09 07:15,
1045,PR0603,Single Room,2021-12-09 07:15,2023-03-06 09:56,
1046,PR0617,Type 1,2021-12-09 07:15,2021-12-09 07:15,
1047,PR0630,Room,2021-12-09 07:15,2023-10-22 02:28,
1048,PR0630,Family,2021-12-09 07:15,2023-10-22 02:28,
1049,PR0629,Type 1,2021-12-09 07:15,2021-12-09 07:15,
1050,PR0629,Type 2,2021-12-09 07:15,2021-12-09 07:15,
1051,PR0649,Type 1,2021-12-09 07:15,2021-12-09 07:15,
1052,PR0654,Type 1,2021-12-09 07:15,2021-12-09 07:15,
1053,PR0655,Type 1,2021-12-09 07:15,2021-12-09 07:15,
1054,PR0650,Guesthouse,2021-12-09 07:15,2023-03-06 09:56,
1055,PR0659,Type 1,2021-12-09 07:15,2021-12-09 07:15,
1056,PR0674,Type 1,2021-12-09 07:15,2021-12-09 07:15,
1057,PR0674,Type 2,2021-12-09 07:15,2021-12-09 07:15,
1058,PR0674,Type 3,2021-12-09 07:15,2021-12-09 07:15,
1059,PR0628,Type 1,2021-12-09 07:15,2021-12-09 07:15,
1060,PR0673,Type 1,2021-12-09 07:15,2021-12-09 07:15,
1061,PR0616,Entire,2021-12-09 07:16,2023-03-06 09:56,
1062,PR0664,Type 1,2021-12-09 07:16,2021-12-09 07:16,
1063,PR0682,Type 1,2021-12-09 07:16,2021-12-09 07:16,
1064,PR0681,Type 1,2021-12-09 07:16,2021-12-09 07:16,
1065,PR0672,Type 1,2021-12-09 07:16,2021-12-09 07:16,
1066,PR0621,Type 1,2021-12-09 07:16,2021-12-09 07:16,
1067,PR0621,Type 2,2021-12-09 07:16,2021-12-09 07:16,
1068,PR0669,Type 1,2021-12-09 07:16,2021-12-09 07:16,
1069,PR0666,Entire,2021-12-09 07:16,2023-03-06 09:56,
1070,PR0573,Type 1,2021-12-09 07:16,2021-12-09 07:16,
1071,PR0688,Type 1,2021-12-09 07:16,2021-12-09 07:16,
1072,PR0678,Villa Arcturus,2021-12-09 07:16,2023-03-06 09:56,
1073,PR0644,Type 1,2021-12-09 07:16,2021-12-09 07:16,
1074,PR0685,Type 1,2021-12-09 07:16,2021-12-09 07:16,
1075,PR0694,The Bingin Green View,2021-12-17 13:03,2024-02-09 08:57,
1076,PR0697,Entire,2021-12-20 08:32,2023-03-06 09:56,
1077,PR0695,Villa Angin,2021-12-21 00:35,2021-12-30 08:05,
1078,PR0641,superior,2021-12-21 05:29,2021-12-21 05:29,
1079,PR0693,Villa Baru,2021-12-22 05:09,2021-12-22 05:15,
1080,PR0698,Deluxe,2021-12-26 18:26,2021-12-29 06:35,
1081,PR0698,Joglo,2021-12-26 18:26,2021-12-29 06:35,2021-12-29 06:35
1082,PR0698,Joglo 9,2021-12-29 06:35,2021-12-29 06:35,
1083,PR0698,Joglo 10,2021-12-29 06:35,2021-12-29 06:35,
1084,PR0639,superior,2022-01-12 04:43,2022-01-12 04:43,
1085,PR0701,3 BR Villa,2022-01-17 17:38,2022-02-15 05:55,
1086,PR0423,Pondok Chesia Lumbung 2,2022-01-21 07:12,2022-12-27 09:14,2022-12-27 09:14
1087,PR0423,Pondok Chesia Lumbung 3,2022-01-21 07:12,2022-12-27 09:14,2022-12-27 09:14
1088,PR0703,Unit Taara 1,2022-02-18 04:18,2022-03-12 02:48,
1089,PR0557,Villa Blumaya,2022-03-13 16:41,2023-03-23 05:26,
1090,PR0708,Entire,2022-03-18 09:35,2023-03-06 09:56,
1091,PR0713,hummjujm,2022-03-19 09:07,2022-03-19 09:07,
1092,PR0707,Entire,2022-03-23 02:09,2023-03-06 09:56,
1093,PR0720,Entire,2022-04-06 07:36,2023-03-06 09:56,
1094,PR0704,Entire,2022-04-07 02:04,2023-03-06 09:56,
1095,PR0719,Villa Tupa,2022-04-27 05:59,2022-05-08 04:08,
1096,PR0722,Glamping,2022-04-29 09:36,2023-03-06 09:56,
1097,PR0725,Sannyas Yoga academy ,2022-05-02 16:30,2022-05-02 16:30,
1098,PR0727,Comfort,2022-05-09 01:29,2022-05-20 02:49,
1099,PR0724,Bungalow,2022-05-10 08:36,2022-05-10 08:36,
1100,PR0728,Cottage,2022-05-11 08:17,2023-06-13 10:00,
1101,PR0721,Test,2022-05-21 06:47,2022-05-21 06:47,
1102,PR0732,Villa Lahi Penida,2022-05-23 02:19,2022-05-23 02:19,
1103,PR0684,Entire,2022-05-23 07:55,2023-05-12 06:36,
1104,PR0632,superior,2022-05-26 06:47,2022-05-26 06:47,
1105,PR0731,Apartment,2022-05-30 08:31,2023-03-06 09:56,
1106,PR0715,Miracle Villa,2022-06-06 19:04,2023-03-06 09:56,
1107,PR0684,Room,2022-06-14 05:44,2023-03-04 06:21,2023-03-04 06:21
1108,PR0734,Entire,2022-06-23 00:22,2023-03-06 09:56,
1109,PR0733,Villa,2022-07-01 07:26,2022-08-04 09:09,
1110,PR0740,Asri Guesthouse,2022-07-01 07:43,2023-03-06 09:56,
1111,PR0739,Villa,2022-07-01 12:33,2022-07-01 12:33,
1112,PR0554,Ocean View,2022-07-06 09:25,2023-12-01 02:28,
1113,PR0745,Villa annapurna 1,2022-07-29 06:52,2022-07-29 06:52,
1114,PR0745,Villa annapurna 2,2022-07-29 06:52,2022-07-29 06:52,
1115,PR0665,2,2022-08-03 09:08,2022-08-03 09:08,
1116,PR0385,Type 2,2022-08-13 04:47,2022-08-13 04:47,
1117,PR0753,Deluxe Room Double Bed,2022-09-05 10:31,2022-09-05 10:31,
1118,PR0753,Suite Room,2022-09-05 10:31,2022-09-05 10:31,
1119,PR0753,Deluxe Room Twin Bed,2022-09-05 10:31,2022-09-05 10:31,
1120,PR0755,Entire,2022-09-08 06:04,2023-03-06 09:56,
1121,PR0757,Entire,2022-09-22 03:56,2023-07-28 07:06,
1122,PR0757,Bamboo House,2022-10-03 02:00,2022-10-03 02:09,2022-10-03 02:09
1123,PR0759,Kokomo Villas - 1,2022-10-07 08:12,2023-03-06 09:56,
1124,PR0759,Kokomo Villas - 2,2022-10-07 08:12,2023-03-06 09:56,
1125,PR0759,Kokomo Villas - 3,2022-10-07 08:13,2023-03-06 09:56,
1126,PR0759,Kokomo Villas - 5,2022-10-07 08:13,2023-03-06 09:56,
1127,PR0758,Entire,2022-10-10 01:18,2023-03-06 09:56,
1128,PR0722,Cabin,2022-10-14 01:51,2023-03-06 09:56,
1129,PR0761,Suite Room,2022-10-14 06:25,2023-06-20 05:45,2023-06-20 05:45
1130,PR0761,Dormitory,2022-10-14 06:31,2023-07-08 07:52,
1131,PR0761,Dormitory Sharing,2022-10-24 08:55,2023-06-20 05:45,2023-06-20 05:45
1132,PR0762,Twin,2022-11-18 05:06,2023-03-06 09:56,
1133,PR0762,Double,2022-11-18 05:07,2023-03-06 09:56,
1134,PR0762,Room Pancek,2022-11-18 05:10,2023-03-04 06:21,2023-03-04 06:21
1135,PR0762,Room Bidak,2022-11-18 05:10,2023-03-04 06:21,2023-03-04 06:21
1136,PR0763,Villa,2022-11-30 06:00,2022-11-30 06:00,
1137,PR0423,Standard,2022-12-27 09:14,2023-03-06 09:56,
1138,PR0423,Deluxe,2022-12-27 09:14,2023-03-07 10:10,
1139,PR0765,Entire Villa,2023-01-13 05:03,2023-01-13 05:03,
1140,PR0766,Entire,2023-01-13 10:28,2023-03-06 09:56,
1141,PR0767,Entire Villa,2023-02-11 07:58,2023-02-11 10:47,
1142,PR0293,Entire,2023-03-02 05:08,2023-03-04 06:21,2023-03-04 06:21
1143,PR0057,Standard,,2023-03-06 09:27,
1144,PR0057,Teges Asri Studio,,2023-03-06 09:56,
1145,PR0198,Beds24 Additional Type 0,,2023-03-04 06:21,2023-03-04 06:21
1146,PR0198,Beds24 Additional Type 1,,2023-03-04 06:21,2023-03-04 06:21
1147,PR0198,Beds24 Additional Type 2,,2023-03-04 06:21,2023-03-04 06:21
1148,PR0198,Wooden Double,,2023-03-06 09:23,
1149,PR0198,Wooden Twin,,2023-03-06 09:23,
1150,PR0198,Standard,,2023-03-06 09:23,
1151,PR0198,Deluxe,,2023-03-06 09:23,
1152,PR0198,Standard Smaller (No Pool),,2023-03-06 09:56,
1153,PR0198,Bunk Bed,,2023-03-06 09:22,
1154,PR0245,Standard Double Non Allocation,,2023-05-11 04:35,2023-05-11 04:35
1155,PR0245,Beds24 Additional Type 1,,2023-03-04 06:29,2023-03-04 06:21
1156,PR0245,Beds24 Additional Type 2,,2023-03-04 06:29,2023-03-04 06:21
1157,PR0245,Beds24 Additional Type 3,,2023-03-04 06:29,2023-03-04 06:21
1158,PR0245,Beds24 Additional Type 0,,2023-03-04 06:29,2023-03-04 06:21
1159,PR0245,Beds24 Additional Type 1,,2023-03-04 06:29,2023-03-04 06:21
1160,PR0245,Beds24 Additional Type 2,,2023-03-04 06:29,2023-03-04 06:21
1161,PR0245,Beds24 Additional Type 3,,2023-03-04 06:29,2023-03-04 06:21
1162,PR0294,Downstairs Room 2A,,2023-03-07 10:10,
1163,PR0339,Standard Type,,2023-03-07 10:10,
1164,PR0345,Bungalow Twin,,2023-03-07 10:10,
1165,PR0345,Standard Double,,2023-03-07 10:10,
1166,PR0345,Standard Twin,,2023-03-07 10:10,
1167,PR0363,Beds24 Additional Type 0,,2023-03-04 06:21,2023-03-04 06:21
1168,PR0363,Beds24 Additional Type 1,,2023-03-04 06:21,2023-03-04 06:21
1169,PR0363,Despacito Loft & Lounge - 1,,2023-03-06 09:56,
1170,PR0363,Despacito Loft & Lounge - 2,,2023-03-06 09:56,
1171,PR0363,Despacito Loft & Lounge - 3,,2023-03-06 09:56,
1172,PR0363,Despacito Loft & Lounge - 4,,2023-03-06 09:56,
1173,PR0363,Despacito Loft & Lounge - 5,,2023-03-06 09:56,
1174,PR0363,Despacito Loft & Lounge - 6,,2023-03-06 09:56,
1175,PR0371,Standard Twin,,2023-03-07 10:10,
1176,PR0371,Superior Double,,2023-03-07 10:10,
1177,PR0371,Standard Double,,2023-03-07 10:10,
1178,PR0373,Villa Olel - Suite 2,,2023-03-07 10:10,
1179,PR0395,Apartment Merapi View,,2023-03-07 10:10,
1180,PR0442,Double,,2023-03-07 10:10,
1181,PR0475,Lumbung,,2023-03-07 10:10,
1182,PR0494,Standard,,2023-03-06 09:20,
1183,PR0494,Lumbung,,2023-03-06 09:20,
1184,PR0519,Standard,,2023-03-07 10:10,
1185,PR0554,Standard (Extra Bed Available),,2023-12-01 02:28,
1186,PR0684,Sofa,,2023-05-12 06:36,
1187,PR0684,Standard,,2023-05-12 06:36,
1188,PR0383,Family,2023-03-06 08:58,2023-03-06 08:59,
1189,PR0383,Studio,2023-03-06 08:59,2023-03-06 08:59,
1190,PR0769,Villa - 1,2023-03-13 06:20,2023-06-07 04:09,
1191,PR0769,Villa - 2,2023-03-13 06:20,2023-06-07 04:09,
1192,PR0769,Villa Permana Bingin 3,2023-03-13 06:20,2023-04-25 08:19,2023-04-25 08:19
1193,PR0770,Entire Villa,2023-03-23 06:52,2023-04-06 01:51,
1194,PR0768,Entire Villa,2023-03-25 07:43,2023-04-05 08:17,
1195,PR0772,Ground floor,2023-04-07 06:42,2023-04-25 08:31,
1196,PR0772,1st Floor,2023-04-07 06:42,2023-04-25 08:31,
1197,PR0771,Double Bed ,2023-04-12 10:47,2023-04-14 04:08,
1198,PR0774,Villa,2023-04-13 06:12,2023-04-20 04:33,
1199,PR0771,Double Bed ,2023-04-14 03:56,2023-04-14 04:01,2023-04-14 04:01
1200,PR0776,Rara Villa,2023-04-21 03:42,2023-04-21 03:42,
1201,PR0775,Entire Villa - The Rampage House,2023-04-21 07:53,2023-04-21 07:53,
1202,PR0773,Wooden House,2023-04-25 02:03,2023-06-14 04:21,
1203,PR0773,Wooden House 2,2023-04-25 02:03,2023-06-14 04:21,2023-06-14 04:21
1204,PR0773,Full House,2023-04-25 02:04,2023-06-14 04:21,
1205,PR0575,Double (near Construction),2023-05-04 09:23,2023-06-28 07:18,
1206,PR0760,Entire Villa,2023-05-09 07:53,2023-05-09 07:53,
1207,PR0245,Deluxe Twin,2023-05-11 04:39,2023-05-11 04:42,
1208,PR0245,Deluxe Double,2023-05-11 04:42,2023-05-11 04:42,
1209,PR0245,Standard Double,2023-05-11 04:42,2023-05-11 04:42,
1210,PR0245,Standard Double Non Allocation,2023-05-11 04:42,2023-05-11 04:42,
1211,PR0245,Standard Twin Non Allocation,2023-05-11 04:42,2023-05-11 04:42,
1212,PR0245,Deluxe Double Non Allocation,2023-05-11 04:42,2023-05-11 04:42,
1213,PR0245,Family Non Allocation,2023-05-11 04:42,2023-05-11 04:42,
1214,PR0282,Downstairs Non Hot Water,2023-05-22 18:53,2023-05-22 18:53,
1215,PR0282,Upstairs Non Hot Water,2023-05-22 18:53,2023-05-22 18:53,
1216,PR0777,Casa Fermina,2023-05-24 05:07,2023-05-24 05:07,
1217,PR0778,Villa Arjuna 17,2023-05-24 08:01,2023-07-12 09:43,
1218,PR0779,Villa Raava,2023-05-24 09:40,2023-05-24 09:40,
1219,PR0427,Bungalow (Non Allocation),2023-06-06 09:42,2023-06-06 09:42,
1220,PR0769,Villa - 3,2023-06-07 04:09,2023-06-07 04:09,
1221,PR0728,Honeymoon Room,2023-06-13 10:00,2023-06-13 10:00,
1222,PR0781,Twin,2023-06-14 02:59,2023-06-14 02:59,
1223,PR0781,Double,2023-06-14 02:59,2023-06-14 02:59,
1224,PR0782,BOX A & B (KAPSUL),2023-06-20 04:06,2023-09-06 05:22,
1225,PR0782,BOX C (KAPSUL),2023-06-20 04:06,2023-09-06 05:22,
1226,PR0782,DORM,2023-06-20 04:06,2023-07-04 08:25,2023-07-04 08:25
1227,PR0782,PRIVATE,2023-06-20 04:06,2023-09-06 05:22,
1228,PR0780,Villa,2023-06-20 04:44,2023-06-20 05:18,
1229,PR0783,Upstairs,2023-06-26 07:49,2023-06-26 07:49,
1230,PR0783,Downstairs,2023-06-26 07:49,2023-06-26 07:49,
1231,PR0575,New Building Upstairs,2023-06-28 07:17,2023-06-28 07:18,
1232,PR0575,New Building Downstairs,2023-06-28 07:18,2023-06-28 07:18,
1233,PR0761,Suite,2023-07-08 07:52,2023-07-08 07:52,
1234,PR0784,Entire Villa,2023-07-11 05:33,2023-07-11 05:33,
1235,PR0782,DORM (BUNK BEDS),2023-07-12 07:36,2023-09-06 05:22,
1236,PR0254,Double Balcony,2023-07-17 02:15,2023-07-17 02:20,
1237,PR0785,Istana Benji,2023-07-19 08:02,2023-07-19 10:05,
1238,PR0786,Entire,2023-07-25 06:18,2023-08-28 07:03,
1239,PR0787,Pondok Utari,2023-07-25 07:21,2023-07-25 07:21,
1240,PR0115,House,2023-08-03 04:34,2023-08-03 04:34,
1241,PR0788,Entire ,2023-08-04 02:22,2023-08-04 02:22,
1242,PR0789,Deluxe,2023-08-07 08:48,2023-08-07 08:48,
1243,PR0792,Bungalow ,2023-09-03 04:56,2023-10-03 04:05,
1244,PR0792,Cottage,2023-09-03 04:59,2023-10-03 04:05,
1245,PR0792,Lodge,2023-09-03 04:59,2023-10-03 04:05,
1246,PR0791,Regular first floor,2023-09-05 05:16,2023-09-07 05:53,
1247,PR0791,Regular second floor,2023-09-05 05:21,2023-09-07 05:53,
1248,PR0791,Loft second floor,2023-09-05 05:21,2023-09-07 05:53,
1249,PR0795,Entire - Villa Jado 2,2023-09-07 06:20,2023-09-17 03:19,
1250,PR0794,Entire - Villa Jado 1,2023-09-07 09:15,2023-09-07 09:15,
1251,PR0797,Entire Villa,2023-09-20 02:10,2023-10-15 06:29,
1252,PR0793,Entire Villa,2023-09-20 06:22,2024-03-30 10:21,
1253,PR0793,Bang bed,2023-09-20 06:22,2023-09-26 07:44,2023-09-26 07:44
1254,PR0790,Villa,2023-09-21 08:22,2023-09-21 08:22,
1255,PR0800,Villa,2023-09-25 02:53,2023-09-25 02:53,
1256,PR0792,Pool,2023-10-03 04:05,2023-10-03 04:05,
1257,PR0801,Villa,2023-10-20 08:49,2023-10-20 08:49,
1258,PR0802,Villa,2023-10-22 09:05,2023-10-31 02:56,
1259,PR0805,Entire Villa,2023-11-02 03:45,2024-04-19 03:26,
1260,PR0806,Entire Villa,2023-11-12 02:18,2023-11-15 02:30,
1261,PR0803,Villa,2023-11-12 03:46,2023-11-29 02:46,
1262,PR0809,Standard,2023-11-15 06:50,2023-12-10 04:16,
1263,PR0809,Main Room (Joglo),2023-11-15 06:50,2023-12-10 04:16,
1264,PR0809,Bambu 3,2023-11-15 06:50,2023-12-10 01:43,2023-12-10 01:43
1265,PR0088,Villa Tortoise - Room 2,2023-11-30 15:12,2023-11-30 15:12,
1266,PR0554,Wooden,2023-12-01 02:25,2023-12-01 02:28,
1267,PR0813,Standard ,2023-12-02 06:31,2023-12-02 06:31,
1268,PR0824,Entire Villa,2023-12-23 06:16,2023-12-24 09:04,
1269,PR0829,Villa 2BR,2024-01-12 03:54,2024-01-12 03:54,
1270,PR0829,Villa 1BR,2024-01-12 03:54,2024-01-12 03:54,
1271,PR0827,Cabin,2024-01-14 05:59,2024-01-14 05:59,
1272,PR0810,Jineng,2024-01-15 05:39,2024-02-08 03:19,
1273,PR0830,Villa Kelimpahan,2024-01-22 07:08,2024-01-23 04:34,
1274,PR0831,Villa Kekayaan,2024-01-22 07:54,2024-01-22 07:54,
1275,PR0830,Villa Kekayaan,2024-01-23 04:26,2024-01-23 04:34,
1276,PR0793,Room 1 (Upstairs),2024-01-26 04:06,2024-01-26 15:33,
1277,PR0793,Room 2 (Upstairs),2024-01-26 04:06,2024-01-26 15:33,
1278,PR0793,Room 3 (Downstairs),2024-01-26 04:07,2024-01-26 15:33,
1279,PR0793,Room 4 (Bunk Bed),2024-01-26 04:11,2024-01-26 15:33,
1280,PR0810,Lumbung Downstairs,2024-02-01 06:48,2024-02-02 03:34,2024-02-02 03:34
1281,PR0838,Guest House,2024-02-01 08:14,2024-02-22 08:32,2024-02-22 08:32
1282,PR0840,Villa,2024-02-05 09:35,2024-02-05 09:35,
1283,PR0838,Standard,2024-02-19 09:18,2024-02-22 08:32,
1284,PR0847,Villa Kelimpahan,2024-02-22 07:25,2024-02-22 07:25,
1285,PR0417,3BR Villa 3A,2024-02-26 07:32,2024-05-15 04:00,
1286,PR0849,Villa,2024-03-21 08:19,2024-03-21 08:19,
1287,PR0834,Villa,2024-03-21 08:38,2024-03-21 08:38,
1288,PR0851,Entire Villa,2024-03-27 05:02,2024-03-27 05:02,
1289,PR0837,1BR Queen (Aki),2024-03-31 07:29,2024-04-01 05:30,
1290,PR0837,1BR Queen Pool View (Haru),2024-03-31 07:29,2024-04-01 05:30,
1291,PR0837,1BR Queen (Natsu),2024-03-31 07:29,2024-04-01 05:30,
1292,PR0837,1BR Queen (Mimo),2024-03-31 07:29,2024-04-01 05:30,
1293,PR0837,1BR Twin (Sendai),2024-03-31 07:29,2024-04-01 05:30,
1294,PR0852,Entire Villa,2024-04-18 05:19,2024-04-18 05:44,
1295,PR0805,Standard,2024-04-19 03:26,2024-04-19 03:26,
1296,PR0861,Guest House,2024-04-26 05:41,2024-04-30 03:48,
1297,PR0864,Villa Lengkungan 1,2024-04-29 02:23,2024-04-29 09:03,
1298,PR0864,Villa Lengkungan 2,2024-04-29 02:24,2024-04-29 09:03,
1299,PR0864,Villa Lengkungan 3,2024-04-29 02:24,2024-04-29 09:03,
1300,PR0864,Villa Lengkungan 4,2024-04-29 02:24,2024-04-29 09:03,
1301,PR0858,Villa,2024-05-05 02:47,2024-05-05 02:47,
